id,sequence,experiment_type,dataset_name,reads,signal_to_noise,SN_filter,reactivity_0001,reactivity_0002,reactivity_0003,reactivity_0004,reactivity_0005,reactivity_0006,reactivity_0007,reactivity_0008,reactivity_0009,reactivity_0010,reactivity_0011,reactivity_0012,reactivity_0013,reactivity_0014,reactivity_0015,reactivity_0016,reactivity_0017,reactivity_0018,reactivity_0019,reactivity_0020,reactivity_0021,reactivity_0022,reactivity_0023,reactivity_0024,reactivity_0025,reactivity_0026,reactivity_0027,reactivity_0028,reactivity_0029,reactivity_0030,reactivity_0031,reactivity_0032,reactivity_0033,reactivity_0034,reactivity_0035,reactivity_0036,reactivity_0037,reactivity_0038,reactivity_0039,reactivity_0040,reactivity_0041,reactivity_0042,reactivity_0043,reactivity_0044,reactivity_0045,reactivity_0046,reactivity_0047,reactivity_0048,reactivity_0049,reactivity_0050,reactivity_0051,reactivity_0052,reactivity_0053,reactivity_0054,reactivity_0055,reactivity_0056,reactivity_0057,reactivity_0058,reactivity_0059,reactivity_0060,reactivity_0061,reactivity_0062,reactivity_0063,reactivity_0064,reactivity_0065,reactivity_0066,reactivity_0067,reactivity_0068,reactivity_0069,reactivity_0070,reactivity_0071,reactivity_0072,reactivity_0073,reactivity_0074,reactivity_0075,reactivity_0076,reactivity_0077,reactivity_0078,reactivity_0079,reactivity_0080,reactivity_0081,reactivity_0082,reactivity_0083,reactivity_0084,reactivity_0085,reactivity_0086,reactivity_0087,reactivity_0088,reactivity_0089,reactivity_0090,reactivity_0091,reactivity_0092,reactivity_0093,reactivity_0094,reactivity_0095,reactivity_0096,reactivity_0097,reactivity_0098,reactivity_0099,reactivity_0100,reactivity_0101,reactivity_0102,reactivity_0103,reactivity_0104,reactivity_0105,reactivity_0106,reactivity_0107,reactivity_0108,reactivity_0109,reactivity_0110,reactivity_0111,reactivity_0112,reactivity_0113,reactivity_0114,reactivity_0115,reactivity_0116,reactivity_0117,reactivity_0118,reactivity_0119,reactivity_0120,reactivity_0121,reactivity_0122,reactivity_0123,reactivity_0124,reactivity_0125,reactivity_0126,reactivity_0127,reactivity_0128,reactivity_0129,reactivity_0130,reactivity_0131,reactivity_0132,reactivity_0133,reactivity_error_0001,reactivity_error_0002,reactivity_error_0003,reactivity_error_0004,reactivity_error_0005,reactivity_error_0006,reactivity_error_0007,reactivity_error_0008,reactivity_error_0009,reactivity_error_0010,reactivity_error_0011,reactivity_error_0012,reactivity_error_0013,reactivity_error_0014,reactivity_error_0015,reactivity_error_0016,reactivity_error_0017,reactivity_error_0018,reactivity_error_0019,reactivity_error_0020,reactivity_error_0021,reactivity_error_0022,reactivity_error_0023,reactivity_error_0024,reactivity_error_0025,reactivity_error_0026,reactivity_error_0027,reactivity_error_0028,reactivity_error_0029,reactivity_error_0030,reactivity_error_0031,reactivity_error_0032,reactivity_error_0033,reactivity_error_0034,reactivity_error_0035,reactivity_error_0036,reactivity_error_0037,reactivity_error_0038,reactivity_error_0039,reactivity_error_0040,reactivity_error_0041,reactivity_error_0042,reactivity_error_0043,reactivity_error_0044,reactivity_error_0045,reactivity_error_0046,reactivity_error_0047,reactivity_error_0048,reactivity_error_0049,reactivity_error_0050,reactivity_error_0051,reactivity_error_0052,reactivity_error_0053,reactivity_error_0054,reactivity_error_0055,reactivity_error_0056,reactivity_error_0057,reactivity_error_0058,reactivity_error_0059,reactivity_error_0060,reactivity_error_0061,reactivity_error_0062,reactivity_error_0063,reactivity_error_0064,reactivity_error_0065,reactivity_error_0066,reactivity_error_0067,reactivity_error_0068,reactivity_error_0069,reactivity_error_0070,reactivity_error_0071,reactivity_error_0072,reactivity_error_0073,reactivity_error_0074,reactivity_error_0075,reactivity_error_0076,reactivity_error_0077,reactivity_error_0078,reactivity_error_0079,reactivity_error_0080,reactivity_error_0081,reactivity_error_0082,reactivity_error_0083,reactivity_error_0084,reactivity_error_0085,reactivity_error_0086,reactivity_error_0087,reactivity_error_0088,reactivity_error_0089,reactivity_error_0090,reactivity_error_0091,reactivity_error_0092,reactivity_error_0093,reactivity_error_0094,reactivity_error_0095,reactivity_error_0096,reactivity_error_0097,reactivity_error_0098,reactivity_error_0099,reactivity_error_0100,reactivity_error_0101,reactivity_error_0102,reactivity_error_0103,reactivity_error_0104,reactivity_error_0105,reactivity_error_0106,reactivity_error_0107,reactivity_error_0108,reactivity_error_0109,reactivity_error_0110,reactivity_error_0111,reactivity_error_0112,reactivity_error_0113,reactivity_error_0114,reactivity_error_0115,reactivity_error_0116,reactivity_error_0117,reactivity_error_0118,reactivity_error_0119,reactivity_error_0120,reactivity_error_0121,reactivity_error_0122,reactivity_error_0123,reactivity_error_0124,reactivity_error_0125,reactivity_error_0126,reactivity_error_0127,reactivity_error_0128,reactivity_error_0129,reactivity_error_0130,reactivity_error_0131,reactivity_error_0132,reactivity_error_0133
0d62a350310d,GGAAAGAUGGCUCAAAAGAGGGUCGGAAGACGCUCAAAAGUAGGUGGAGACACGUACAAAAGAGGAUCGGAAGAUGCUCAAAAGAUGGUGGAGACGCGAUCAAAAGAGGCAUCAAAGAAACAACAACAACAAC,NMIA,ETERNA_R20_0001.rdat,,3.592,1,,,,,,0.511,0.888,-1.002,0.205,1.543,0.397,0.286,0.212,0.732,1.228,1.340,1.233,0.377,0.475,0.226,0.557,0.214,0.220,0.395,0.226,0.802,0.446,0.362,0.239,0.207,0.166,2.678,0.396,0.249,0.153,0.497,1.321,0.812,0.718,0.241,0.192,0.256,0.649,1.173,-1.136,0.555,0.218,0.339,-1.001,0.514,0.136,0.238,0.278,3.359,0.462,0.296,0.179,0.738,1.387,0.837,1.080,0.436,0.418,0.472,1.726,0.316,0.030,0.234,0.273,1.224,0.766,0.953,0.252,0.210,0.179,1.150,0.119,0.214,0.160,0.719,1.063,1.172,1.209,0.446,0.487,0.497,0.879,0.915,0.483,0.446,0.613,0.694,0.574,0.591,-0.006,0.589,0.120,1.171,0.102,-0.051,-0.005,0.385,0.840,1.266,1.230,0.200,0.307,0.133,,,,,,,,,,,,,,,,,,,,,,,,,,,,,,,0.149,0.225,-0.153,0.088,0.356,0.127,0.104,0.090,0.194,0.293,0.315,0.294,0.123,0.142,0.092,0.159,0.090,0.091,0.126,0.092,0.208,0.136,0.120,0.095,0.089,0.080,0.583,0.126,0.097,0.078,0.147,0.311,0.210,0.191,0.095,0.086,0.098,0.177,0.282,-0.180,0.158,0.091,0.115,-0.153,0.150,0.074,0.095,0.103,0.719,0.140,0.106,0.083,0.195,0.325,0.215,0.263,0.134,0.131,0.142,0.392,0.110,0.053,0.094,0.102,0.292,0.200,0.238,0.098,0.089,0.083,0.277,0.071,0.090,0.079,0.191,0.260,0.282,0.289,0.136,0.145,0.147,0.223,0.230,0.144,0.136,0.170,0.186,0.162,0.165,0.046,0.165,0.071,0.281,0.068,0.037,0.046,0.124,0.215,0.300,0.293,0.087,0.109,0.074,,,,,,,,,,,,,,,,,,,,,,,,,
0d62a350310d,GGAAAGAUGGCUCAAAAGAGGGUCGGAAGACGCUCAAAAGUAGGUGGAGACACGUACAAAAGAGGAUCGGAAGAUGCUCAAAAGAUGGUGGAGACGCGAUCAAAAGAGGCAUCAAAGAAACAACAACAACAAC,NMIA,ETERNA_R20_0001.rdat,,3.730,1,,,,,,0.277,1.273,-0.624,0.250,1.557,0.524,0.398,0.244,0.656,1.117,1.545,1.445,0.351,0.423,0.203,0.567,0.236,0.224,0.421,0.227,0.574,0.346,0.311,0.187,0.196,0.151,2.584,0.509,0.323,0.194,0.564,1.917,1.024,1.128,0.314,0.253,0.245,0.847,2.847,-0.446,0.428,0.321,0.383,-0.764,0.805,0.193,0.333,0.357,3.249,0.465,0.319,0.237,0.868,2.148,1.113,1.371,0.453,0.360,0.666,1.993,0.351,0.050,0.243,0.284,0.674,0.528,0.539,0.161,0.147,0.072,1.678,0.183,0.171,0.170,0.775,1.166,1.635,1.618,0.461,0.450,0.363,1.186,0.483,0.901,0.232,0.603,0.752,0.457,0.748,0.099,0.325,0.286,1.752,0.187,0.067,0.084,0.601,0.974,1.827,1.925,0.238,0.214,-0.075,,,,,,,,,,,,,,,,,,,,,,,,,,,,,,,0.103,0.302,-0.078,0.097,0.359,0.152,0.127,0.096,0.178,0.271,0.356,0.336,0.117,0.132,0.088,0.161,0.094,0.092,0.131,0.092,0.162,0.117,0.109,0.085,0.086,0.077,0.564,0.149,0.112,0.086,0.160,0.431,0.252,0.273,0.110,0.098,0.096,0.217,0.617,-0.042,0.133,0.111,0.124,-0.106,0.208,0.086,0.114,0.119,0.697,0.140,0.111,0.095,0.221,0.477,0.270,0.321,0.138,0.119,0.180,0.446,0.117,0.057,0.096,0.104,0.182,0.153,0.155,0.079,0.077,0.062,0.383,0.084,0.081,0.081,0.202,0.280,0.374,0.371,0.139,0.137,0.120,0.284,0.144,0.227,0.093,0.168,0.198,0.139,0.197,0.067,0.112,0.104,0.398,0.085,0.061,0.064,0.167,0.242,0.413,0.432,0.095,0.090,0.032,,,,,,,,,,,,,,,,,,,,,,,,,
dc5d043509f7,GGAAAGGACGUGCAAAACCAGGUGGAAACGCGUGGAAAAGGUGCUGGAAACAGGACCAAAACCAGUGCGAAAGCAGUGGAAAAGUCGACGGAAACGUGGACAAAAGCAGGUCCAAAGAAACAACAACAACAAC,NMIA,ETERNA_R20_0001.rdat,,3.316,1,,,,,,1.047,3.087,0.915,0.000,1.771,0.399,-0.019,-0.076,0.603,0.660,0.762,0.478,0.132,0.107,0.207,0.483,2.236,0.470,0.413,0.704,0.966,0.649,0.389,0.130,0.162,0.059,0.708,0.315,0.133,0.186,0.782,0.710,0.668,0.771,0.124,0.080,0.129,0.660,0.099,0.095,0.088,0.177,0.603,0.397,0.412,0.060,0.067,0.067,0.760,0.140,-0.015,0.039,0.394,0.548,0.537,0.494,0.024,0.092,1.468,-0.901,0.054,0.038,0.152,1.195,0.890,0.443,0.349,0.039,0.090,0.355,2.061,0.313,0.149,0.053,0.822,0.795,0.641,1.061,0.087,0.209,0.040,1.817,0.184,0.086,0.077,0.234,0.726,0.383,0.401,0.023,0.329,0.049,0.582,-0.555,-1.859,-1.078,0.415,0.630,0.789,0.945,0.080,-0.024,0.071,,,,,,,,,,,,,,,,,,,,,,,,,,,,,,,0.257,0.665,0.230,0.047,0.401,0.127,0.043,0.032,0.168,0.179,0.200,0.143,0.074,0.069,0.089,0.144,0.494,0.141,0.130,0.188,0.240,0.177,0.125,0.073,0.080,0.059,0.189,0.110,0.074,0.084,0.204,0.189,0.181,0.201,0.072,0.063,0.073,0.179,0.067,0.066,0.065,0.083,0.168,0.127,0.130,0.059,0.061,0.061,0.199,0.075,0.044,0.055,0.126,0.157,0.155,0.146,0.052,0.066,0.341,-0.133,0.058,0.055,0.078,0.286,0.225,0.136,0.117,0.055,0.065,0.118,0.459,0.110,0.077,0.058,0.212,0.206,0.175,0.259,0.065,0.089,0.055,0.411,0.084,0.064,0.063,0.094,0.192,0.124,0.127,0.052,0.113,0.057,0.164,-0.064,-0.325,-0.168,0.130,0.173,0.205,0.236,0.063,0.042,0.061,,,,,,,,,,,,,,,,,,,,,,,,,
dc5d043509f7,GGAAAGGACGUGCAAAACCAGGUGGAAACGCGUGGAAAAGGUGCUGGAAACAGGACCAAAACCAGUGCGAAAGCAGUGGAAAAGUCGACGGAAACGUGGACAAAAGCAGGUCCAAAGAAACAACAACAACAAC,NMIA,ETERNA_R20_0001.rdat,,3.259,1,,,,,,0.393,0.472,0.094,0.124,2.021,0.635,-0.027,-0.113,0.414,0.554,0.734,0.436,0.151,0.124,0.191,0.718,0.537,0.244,0.231,0.373,0.697,0.665,0.623,0.176,0.133,0.078,1.839,0.439,0.208,0.143,0.383,0.547,0.480,0.593,0.107,0.070,0.098,0.861,0.095,0.056,0.115,0.092,0.460,0.283,0.490,0.030,0.031,0.060,0.927,0.142,-0.062,-0.045,0.658,0.801,0.552,0.404,0.059,0.085,1.061,-2.370,0.098,0.031,0.205,1.106,0.850,0.724,0.230,0.040,0.129,0.360,2.117,0.284,0.300,0.055,1.192,0.655,0.802,0.985,0.135,0.210,0.043,2.870,0.356,0.024,0.107,0.237,0.921,0.516,0.658,0.060,0.120,0.028,0.594,-0.623,-2.230,-1.355,0.047,0.768,1.143,1.440,0.122,-0.072,-0.029,,,,,,,,,,,,,,,,,,,,,,,,,,,,,,,0.126,0.142,0.066,0.072,0.451,0.174,0.042,0.024,0.130,0.158,0.194,0.134,0.077,0.072,0.085,0.191,0.155,0.096,0.093,0.122,0.187,0.180,0.172,0.082,0.074,0.063,0.415,0.135,0.089,0.076,0.124,0.157,0.143,0.166,0.069,0.061,0.067,0.219,0.066,0.058,0.070,0.066,0.139,0.104,0.145,0.053,0.053,0.059,0.233,0.076,0.035,0.038,0.179,0.207,0.158,0.128,0.059,0.064,0.259,-0.427,0.067,0.053,0.088,0.268,0.217,0.192,0.093,0.055,0.073,0.119,0.471,0.104,0.107,0.058,0.286,0.178,0.208,0.244,0.074,0.089,0.056,0.621,0.118,0.052,0.069,0.095,0.231,0.150,0.179,0.059,0.071,0.053,0.166,-0.077,-0.399,-0.224,0.057,0.201,0.276,0.335,0.072,0.033,0.041,,,,,,,,,,,,,,,,,,,,,,,,,
b2c55abc9c6b,GGAAAGGUAGAGCAAAAGUCGACCGAAAGGUGGACAAAAGCAGGAGGAAACUCGUGCAAAAGGACUGGGAAACCACUCCAAAAGCUGUGGGAAACCAGAGCAAAAGCUGUACCAAAGAAACAACAACAACAAC,NMIA,ETERNA_R20_0001.rdat,,3.245,1,,,,,,0.000,0.624,-0.516,0.196,0.817,0.517,0.268,0.156,0.692,0.944,0.993,0.911,0.227,0.106,0.118,1.762,0.337,0.143,0.120,0.115,0.526,0.440,0.327,0.082,0.095,0.070,0.400,0.151,0.102,0.068,0.749,0.848,0.778,0.734,0.172,0.068,0.146,0.698,0.210,0.156,0.115,0.210,0.815,0.609,0.530,0.102,0.098,0.165,3.896,0.446,0.168,0.092,0.748,0.943,1.256,1.277,0.557,0.556,0.499,0.090,0.203,0.102,0.072,0.199,0.575,1.432,0.414,0.069,0.033,0.098,0.065,0.213,0.300,0.143,0.951,0.822,0.799,0.763,0.277,0.222,0.194,0.635,0.168,0.029,0.053,0.211,0.559,1.387,0.396,0.020,-0.147,-0.114,0.179,-0.789,-0.228,-0.050,0.801,0.818,0.638,0.840,0.037,0.002,0.090,,,,,,,,,,,,,,,,,,,,,,,,,,,,,,,0.047,0.172,-0.056,0.086,0.211,0.151,0.101,0.078,0.186,0.236,0.246,0.229,0.093,0.068,0.071,0.399,0.115,0.076,0.071,0.070,0.152,0.135,0.113,0.064,0.066,0.061,0.127,0.077,0.068,0.061,0.197,0.217,0.203,0.194,0.082,0.061,0.076,0.187,0.089,0.078,0.070,0.089,0.210,0.169,0.153,0.068,0.067,0.080,0.826,0.136,0.081,0.066,0.197,0.236,0.298,0.303,0.159,0.158,0.147,0.065,0.088,0.068,0.062,0.087,0.162,0.333,0.130,0.061,0.054,0.067,0.060,0.090,0.107,0.076,0.237,0.212,0.207,0.200,0.103,0.092,0.086,0.174,0.081,0.053,0.058,0.089,0.159,0.325,0.126,0.051,0.018,0.024,0.083,-0.111,0.002,0.037,0.207,0.211,0.175,0.215,0.055,0.048,0.065,,,,,,,,,,,,,,,,,,,,,,,,,
b2c55abc9c6b,GGAAAGGUAGAGCAAAAGUCGACCGAAAGGUGGACAAAAGCAGGAGGAAACUCGUGCAAAAGGACUGGGAAACCACUCCAAAAGCUGUGGGAAACCAGAGCAAAAGCUGUACCAAAGAAACAACAACAACAAC,NMIA,ETERNA_R20_0001.rdat,,3.596,1,,,,,,0.693,1.732,-0.238,0.362,1.213,0.629,0.408,0.216,0.912,1.070,1.278,1.281,0.352,0.210,0.186,2.469,0.480,0.191,0.234,0.182,0.891,0.855,0.669,0.149,0.173,0.142,0.384,0.205,0.163,0.118,0.978,1.115,1.089,1.071,0.269,0.141,0.206,1.146,0.318,0.244,0.193,0.221,1.112,0.912,0.874,0.179,0.212,0.224,4.046,0.569,0.252,0.146,0.949,1.051,1.366,1.419,0.622,0.701,0.454,0.120,0.225,0.187,0.113,0.194,0.765,1.046,0.574,0.100,0.043,0.127,0.084,0.298,0.610,0.274,1.314,1.486,1.395,1.437,0.509,0.294,0.336,1.228,0.182,0.086,0.109,0.140,0.690,1.051,0.580,0.059,-0.132,-0.060,0.291,-1.135,-0.059,0.035,1.147,0.943,1.284,1.295,0.124,0.059,0.095,,,,,,,,,,,,,,,,,,,,,,,,,,,,,,,0.186,0.394,-0.000,0.120,0.290,0.173,0.129,0.091,0.230,0.261,0.303,0.303,0.118,0.089,0.084,0.541,0.143,0.085,0.094,0.084,0.225,0.218,0.181,0.077,0.082,0.076,0.124,0.088,0.080,0.071,0.243,0.270,0.265,0.261,0.101,0.075,0.088,0.276,0.111,0.096,0.086,0.091,0.270,0.230,0.222,0.083,0.090,0.092,0.856,0.161,0.098,0.076,0.237,0.257,0.320,0.331,0.171,0.187,0.138,0.071,0.092,0.085,0.070,0.086,0.200,0.256,0.162,0.067,0.056,0.073,0.064,0.107,0.169,0.102,0.310,0.344,0.326,0.335,0.149,0.106,0.114,0.293,0.084,0.064,0.069,0.075,0.185,0.257,0.163,0.059,0.021,0.035,0.105,-0.180,0.035,0.054,0.277,0.236,0.304,0.306,0.072,0.059,0.066,,,,,,,,,,,,,,,,,,,,,,,,,
085b1cd94a6c,GGAACGAUAGGUCAAAAGCAGGUAGAAAUACGUGCAAAAGGAGUAGGAAACUAGUCCAAAAGACGUAGGAGACUAGGUCAAACGGAGAUAGAAAUAUGUCCAAAAGACGUAUCAAAGAAACAACAACAACAAC,NMIA,ETERNA_R20_0001.rdat,,3.001,1,,,,,,0.617,0.000,0.254,0.331,0.636,0.329,0.155,0.056,0.520,0.679,0.747,0.736,0.151,0.136,0.175,0.404,0.171,0.144,0.158,0.229,0.533,0.332,0.345,0.134,0.092,0.108,2.404,0.356,0.340,0.012,0.478,0.637,0.769,1.000,0.273,0.260,0.251,0.284,0.221,0.244,0.346,1.729,0.571,0.288,0.232,-0.074,0.008,0.002,0.838,0.133,0.032,-0.082,0.312,0.419,0.565,0.713,0.246,0.209,-0.315,2.873,0.609,0.266,0.251,0.442,0.594,0.285,0.403,0.047,-0.133,0.119,0.425,0.110,0.076,0.031,0.145,0.457,0.291,0.097,0.076,0.095,-0.127,0.284,0.006,-0.840,-0.236,-0.246,-0.080,0.190,0.209,-0.165,-0.093,0.295,2.829,-0.009,-0.079,-0.591,0.105,-0.103,0.403,0.894,-0.541,-0.047,-0.118,,,,,,,,,,,,,,,,,,,,,,,,,,,,,,,0.171,0.047,0.098,0.113,0.174,0.113,0.078,0.058,0.151,0.183,0.197,0.194,0.077,0.074,0.082,0.128,0.081,0.076,0.079,0.093,0.154,0.114,0.116,0.074,0.066,0.069,0.528,0.118,0.115,0.050,0.143,0.175,0.201,0.247,0.102,0.099,0.097,0.104,0.091,0.096,0.117,0.393,0.161,0.105,0.094,0.032,0.049,0.048,0.215,0.074,0.054,0.031,0.110,0.131,0.160,0.190,0.096,0.089,-0.016,0.622,0.169,0.100,0.097,0.136,0.166,0.104,0.128,0.057,0.021,0.071,0.132,0.069,0.062,0.053,0.076,0.139,0.105,0.067,0.062,0.066,0.022,0.104,0.048,-0.121,-0.000,-0.002,0.031,0.085,0.089,0.014,0.029,0.106,0.613,0.045,0.031,-0.071,0.068,0.027,0.128,0.226,-0.061,0.038,0.023,,,,,,,,,,,,,,,,,,,,,,,,,
085b1cd94a6c,GGAACGAUAGGUCAAAAGCAGGUAGAAAUACGUGCAAAAGGAGUAGGAAACUAGUCCAAAAGACGUAGGAGACUAGGUCAAACGGAGAUAGAAAUAUGUCCAAAAGACGUAUCAAAGAAACAACAACAACAAC,NMIA,ETERNA_R20_0001.rdat,,3.164,1,,,,,,0.721,0.118,0.169,0.210,0.606,0.297,0.126,0.049,0.390,0.608,0.777,0.906,0.152,0.160,0.151,0.674,0.172,0.127,0.109,0.195,0.454,0.309,0.449,0.168,0.132,0.097,2.085,0.327,0.262,0.024,0.475,0.559,0.765,1.033,0.253,0.210,0.190,0.351,0.164,0.162,0.498,1.185,0.518,0.376,0.366,0.009,0.066,0.027,1.085,0.206,0.090,-0.009,0.354,0.673,0.917,1.003,0.354,0.256,-0.436,3.209,0.525,0.250,0.162,0.354,0.478,0.315,0.555,0.085,-0.023,0.197,0.704,0.192,0.126,0.097,0.367,0.791,0.558,0.267,0.140,0.207,-0.026,0.307,0.156,-0.581,0.006,-0.086,0.076,0.260,0.368,-0.012,0.096,0.082,3.038,0.135,0.011,-0.409,0.313,0.470,1.250,1.512,-0.228,0.148,-0.205,,,,,,,,,,,,,,,,,,,,,,,,,,,,,,,0.191,0.071,0.081,0.089,0.168,0.107,0.072,0.057,0.125,0.169,0.203,0.228,0.078,0.079,0.077,0.182,0.082,0.073,0.069,0.086,0.138,0.109,0.137,0.081,0.074,0.067,0.464,0.113,0.100,0.052,0.142,0.159,0.200,0.254,0.098,0.089,0.085,0.117,0.080,0.080,0.147,0.284,0.151,0.122,0.120,0.049,0.060,0.053,0.264,0.088,0.065,0.045,0.118,0.182,0.231,0.248,0.118,0.098,-0.040,0.689,0.152,0.097,0.080,0.118,0.143,0.110,0.158,0.064,0.043,0.087,0.188,0.086,0.072,0.067,0.121,0.205,0.159,0.101,0.075,0.089,0.042,0.109,0.078,-0.069,0.048,0.030,0.062,0.099,0.121,0.045,0.066,0.064,0.655,0.074,0.049,-0.035,0.110,0.141,0.297,0.350,0.002,0.077,0.006,,,,,,,,,,,,,,,,,,,,,,,,,
bc8bc5adffb1,GGAAAGAUAGUAGGAAAGUAGAUGGAAACAUGUGCAAAAGAAGAUCGAAAGAUGUUCAAAACAUGAUCGAAAGAUGAUGGAAACUAGUAGGAAACUAGUAGGAAACUAGUAUCAAAGAAACAACAACAACAAC,NMIA,ETERNA_R20_0001.rdat,,2.681,1,,,,,,0.655,1.090,0.713,0.242,0.517,0.171,0.162,0.204,0.492,0.471,0.459,0.497,0.246,0.264,0.359,0.395,0.369,0.241,0.259,0.651,0.480,0.643,0.502,-0.012,0.001,0.061,0.098,0.072,-0.302,0.176,0.589,0.422,0.451,0.665,0.121,0.085,0.111,0.409,0.062,0.030,0.011,0.087,0.399,0.245,0.217,0.112,0.052,0.086,0.618,0.048,-0.743,-0.089,0.065,0.379,0.590,0.136,-0.048,-0.012,0.057,0.152,0.650,0.161,-0.021,0.169,0.364,0.098,0.416,0.338,0.238,0.449,0.600,0.305,-0.019,-0.104,0.491,0.533,0.457,0.198,-0.059,-0.920,0.051,0.162,-0.227,0.685,0.324,1.011,0.633,0.694,0.254,0.026,-1.608,-0.040,0.050,-0.397,-0.179,0.000,0.255,0.201,0.411,0.205,-0.095,-2.523,-0.363,,,,,,,,,,,,,,,,,,,,,,,,,,,,,,,0.178,0.265,0.190,0.096,0.151,0.081,0.080,0.088,0.146,0.141,0.139,0.147,0.097,0.100,0.119,0.126,0.121,0.095,0.099,0.177,0.143,0.176,0.148,0.045,0.047,0.059,0.067,0.062,-0.013,0.082,0.165,0.132,0.137,0.180,0.071,0.064,0.069,0.129,0.059,0.053,0.049,0.065,0.127,0.096,0.091,0.070,0.058,0.064,0.171,0.057,-0.101,0.030,0.060,0.123,0.165,0.074,0.038,0.045,0.058,0.078,0.177,0.079,0.043,0.081,0.120,0.067,0.131,0.115,0.095,0.137,0.167,0.108,0.043,0.026,0.145,0.154,0.139,0.087,0.035,-0.137,0.057,0.080,0.002,0.184,0.112,0.250,0.174,0.186,0.098,0.052,-0.274,0.039,0.057,-0.032,0.011,0.047,0.098,0.087,0.129,0.088,0.028,-0.457,-0.025,,,,,,,,,,,,,,,,,,,,,,,,,
bc8bc5adffb1,GGAAAGAUAGUAGGAAAGUAGAUGGAAACAUGUGCAAAAGAAGAUCGAAAGAUGUUCAAAACAUGAUCGAAAGAUGAUGGAAACUAGUAGGAAACUAGUAGGAAACUAGUAUCAAAGAAACAACAACAACAAC,NMIA,ETERNA_R20_0001.rdat,,2.799,1,,,,,,0.363,0.092,0.000,0.138,0.755,0.121,0.017,0.017,0.228,0.317,0.426,0.481,0.082,0.050,0.162,0.432,0.161,0.034,-0.005,0.190,0.338,0.345,0.396,0.003,0.029,0.059,0.325,0.030,-0.473,-0.114,0.276,0.392,0.588,0.931,0.173,0.111,0.102,0.617,0.103,0.075,0.036,0.120,0.613,0.526,0.422,0.117,0.109,0.069,0.883,0.103,-0.745,-0.056,0.292,0.664,0.678,0.379,-0.016,0.054,0.047,0.498,0.389,0.123,-0.014,0.158,0.421,0.193,0.372,0.145,0.080,0.182,0.623,0.139,-0.187,-0.261,0.544,0.746,0.655,0.331,-0.008,-0.885,0.057,0.450,-0.244,0.467,0.556,1.448,1.207,1.225,0.431,0.055,-1.534,-0.007,0.292,-0.039,-0.199,0.014,0.931,0.808,0.818,0.488,-0.026,-2.330,-0.459,,,,,,,,,,,,,,,,,,,,,,,,,,,,,,,0.120,0.066,0.047,0.075,0.198,0.071,0.051,0.051,0.093,0.111,0.132,0.144,0.064,0.057,0.080,0.134,0.079,0.054,0.046,0.085,0.115,0.116,0.126,0.048,0.053,0.059,0.112,0.053,-0.047,0.024,0.102,0.126,0.165,0.233,0.082,0.069,0.068,0.171,0.068,0.062,0.054,0.071,0.170,0.152,0.132,0.071,0.069,0.061,0.224,0.068,-0.102,0.036,0.105,0.180,0.183,0.123,0.044,0.058,0.057,0.147,0.125,0.072,0.044,0.079,0.131,0.086,0.122,0.076,0.063,0.084,0.172,0.075,0.010,-0.005,0.156,0.196,0.178,0.113,0.046,-0.130,0.059,0.137,-0.002,0.141,0.158,0.337,0.289,0.292,0.133,0.058,-0.260,0.046,0.106,0.039,0.007,0.050,0.233,0.209,0.211,0.145,0.042,-0.419,-0.045,,,,,,,,,,,,,,,,,,,,,,,,,
fb0a6610f19a,GGAACGGAGGCACAAAAGGAGGUCGGAAGACGUCCAAAAGCUGGUGGAGACACGAGCAAAAGAGGAUCGGAAGAUGCUCAAAAGACGGUGGAGACACGGUCAAAAGUGGCUCCAAAGAAACAACAACAACAAC,NMIA,ETERNA_R20_0001.rdat,,3.346,1,,,,,,0.475,0.940,1.259,0.836,1.291,0.741,0.259,0.442,0.604,0.765,0.792,0.832,0.351,0.169,0.210,0.055,0.097,0.171,0.132,0.191,0.750,0.506,0.352,0.197,0.193,0.222,1.944,0.330,0.144,0.106,0.422,0.676,0.573,0.618,0.135,0.069,0.165,0.695,0.420,0.044,0.083,0.315,0.504,0.541,0.628,0.211,0.271,0.156,0.802,0.450,0.365,0.450,0.799,0.848,0.936,1.045,0.425,0.374,0.219,0.510,0.712,0.230,0.153,0.291,1.041,0.642,0.467,0.172,0.172,0.088,2.159,0.167,0.064,-0.234,0.681,1.115,1.004,1.142,0.329,0.175,0.118,0.944,0.312,0.226,0.085,0.240,0.383,0.137,0.475,0.035,-0.247,-0.108,0.647,0.302,0.023,0.167,0.730,0.811,0.924,1.091,0.115,0.879,0.024,,,,,,,,,,,,,,,,,,,,,,,,,,,,,,,0.142,0.235,0.299,0.214,0.305,0.195,0.099,0.136,0.168,0.200,0.206,0.214,0.117,0.081,0.089,0.058,0.067,0.081,0.074,0.085,0.197,0.148,0.118,0.087,0.086,0.092,0.436,0.113,0.076,0.068,0.132,0.182,0.162,0.171,0.074,0.061,0.080,0.186,0.131,0.056,0.064,0.110,0.148,0.155,0.173,0.089,0.101,0.078,0.208,0.137,0.120,0.137,0.207,0.217,0.234,0.256,0.132,0.122,0.091,0.149,0.190,0.093,0.078,0.105,0.255,0.176,0.141,0.082,0.082,0.065,0.479,0.081,0.060,0.000,0.183,0.270,0.248,0.276,0.113,0.082,0.071,0.236,0.110,0.092,0.064,0.095,0.124,0.075,0.142,0.054,-0.002,0.026,0.177,0.108,0.052,0.081,0.193,0.209,0.232,0.265,0.070,0.223,0.052,,,,,,,,,,,,,,,,,,,,,,,,,
fb0a6610f19a,GGAACGGAGGCACAAAAGGAGGUCGGAAGACGUCCAAAAGCUGGUGGAGACACGAGCAAAAGAGGAUCGGAAGAUGCUCAAAAGACGGUGGAGACACGGUCAAAAGUGGCUCCAAAGAAACAACAACAACAAC,NMIA,ETERNA_R20_0001.rdat,,3.654,1,,,,,,0.773,1.275,1.566,1.080,1.734,0.559,0.066,0.195,0.731,0.967,1.178,1.031,0.684,0.332,0.297,0.167,0.178,0.253,0.212,0.272,0.954,0.708,0.583,0.304,0.318,0.310,2.650,0.643,0.288,0.208,0.560,0.884,0.825,0.873,0.257,0.129,0.132,0.293,1.986,-0.218,0.357,0.484,0.588,0.502,0.682,0.327,0.327,0.270,1.241,0.355,0.167,0.263,0.816,1.179,1.276,1.249,0.524,0.529,0.270,0.782,0.957,0.301,0.229,0.385,1.373,1.008,0.762,0.255,0.229,0.080,3.024,0.323,0.133,-0.214,0.791,1.209,1.453,1.551,0.491,0.238,0.180,1.758,0.360,0.340,0.137,0.262,0.451,0.231,0.554,0.055,-0.287,-0.026,0.904,-0.045,-0.091,0.146,0.947,1.102,1.248,1.747,0.132,1.468,0.052,,,,,,,,,,,,,,,,,,,,,,,,,,,,,,,0.202,0.302,0.360,0.263,0.394,0.159,0.060,0.086,0.193,0.241,0.283,0.253,0.184,0.114,0.107,0.081,0.083,0.098,0.090,0.102,0.238,0.189,0.164,0.108,0.111,0.109,0.577,0.176,0.105,0.089,0.159,0.224,0.212,0.222,0.098,0.073,0.074,0.106,0.444,0.003,0.119,0.144,0.165,0.148,0.184,0.113,0.113,0.101,0.295,0.118,0.081,0.100,0.210,0.283,0.302,0.297,0.152,0.153,0.101,0.204,0.239,0.107,0.093,0.124,0.322,0.249,0.200,0.098,0.093,0.063,0.652,0.112,0.074,0.004,0.205,0.289,0.338,0.357,0.145,0.095,0.083,0.399,0.119,0.115,0.075,0.100,0.137,0.093,0.158,0.058,-0.010,0.042,0.228,0.038,0.029,0.076,0.237,0.267,0.297,0.397,0.074,0.341,0.058,,,,,,,,,,,,,,,,,,,,,,,,,
d875001f2ef1,GGAAAGCUAGAGCAAAACUAGUGCGAAAGCGGUAGAAAACUAGACGGAAACGUGUAGAAAAGAUGUCGGAAACGAGGUCAAAAGUAGAGCGAAAGCUGUACAAAAGCUGUAGCAAAGAAACAACAACAACAAC,NMIA,ETERNA_R20_0001.rdat,,3.079,1,,,,,,0.983,1.193,-3.046,0.172,0.504,0.393,0.290,0.108,0.964,0.593,0.800,0.496,0.176,0.209,0.247,0.616,0.275,0.121,0.087,0.245,0.717,0.450,0.297,0.320,0.063,0.186,0.594,0.608,0.827,0.258,0.661,0.533,0.442,0.327,0.030,0.147,0.177,0.538,0.201,0.019,0.084,0.218,0.625,0.597,0.423,0.076,0.084,0.079,0.815,0.313,0.220,0.209,0.593,0.647,0.753,1.247,0.492,0.499,0.428,1.536,0.077,0.037,0.165,0.337,0.815,0.670,0.423,0.079,0.048,0.362,0.534,0.293,0.083,0.009,0.656,0.784,0.742,0.780,0.272,-0.081,0.436,0.736,0.629,-0.308,-0.084,-0.011,0.934,0.256,0.227,-0.001,-0.065,0.010,0.511,0.174,0.234,-0.062,0.097,0.353,0.436,0.405,-0.055,-0.105,-0.306,,,,,,,,,,,,,,,,,,,,,,,,,,,,,,,0.244,0.286,-0.562,0.082,0.148,0.126,0.105,0.069,0.240,0.166,0.207,0.146,0.082,0.089,0.097,0.170,0.102,0.071,0.065,0.096,0.191,0.137,0.106,0.111,0.060,0.084,0.166,0.169,0.213,0.099,0.179,0.154,0.136,0.113,0.053,0.077,0.083,0.155,0.087,0.051,0.064,0.091,0.172,0.167,0.132,0.062,0.064,0.063,0.210,0.110,0.091,0.089,0.166,0.177,0.198,0.297,0.146,0.147,0.133,0.354,0.063,0.055,0.080,0.115,0.210,0.181,0.132,0.063,0.057,0.120,0.154,0.106,0.064,0.049,0.178,0.204,0.196,0.203,0.102,0.031,0.134,0.194,0.173,-0.014,0.030,0.045,0.234,0.098,0.093,0.047,0.034,0.049,0.149,0.082,0.094,0.035,0.067,0.118,0.134,0.128,0.036,0.026,-0.014,,,,,,,,,,,,,,,,,,,,,,,,,
d875001f2ef1,GGAAAGCUAGAGCAAAACUAGUGCGAAAGCGGUAGAAAACUAGACGGAAACGUGUAGAAAAGAUGUCGGAAACGAGGUCAAAAGUAGAGCGAAAGCUGUACAAAAGCUGUAGCAAAGAAACAACAACAACAAC,NMIA,ETERNA_R20_0001.rdat,,3.240,1,,,,,,1.304,1.587,-1.251,0.080,0.899,0.507,0.306,0.134,1.671,0.704,0.538,0.378,0.227,0.225,0.147,0.522,0.381,0.158,0.097,0.284,0.943,0.606,0.478,0.291,0.129,0.159,0.371,0.454,0.599,0.412,0.609,0.615,0.447,0.411,0.081,0.123,0.137,0.854,0.235,0.116,0.135,0.199,0.670,0.592,0.698,0.167,0.151,0.037,1.419,0.297,0.074,0.148,0.687,0.968,0.947,2.081,0.342,0.272,0.161,2.206,0.077,0.134,0.156,0.248,0.877,0.711,0.764,0.147,0.083,0.197,0.368,0.207,-0.026,0.005,0.709,0.854,0.764,0.993,0.187,-0.224,0.222,0.739,0.349,-0.021,-0.033,0.141,1.229,0.854,0.745,0.136,0.028,0.058,0.778,0.088,0.072,-0.023,0.161,0.449,0.475,0.626,0.014,-0.023,-0.222,,,,,,,,,,,,,,,,,,,,,,,,,,,,,,,0.308,0.365,-0.203,0.063,0.227,0.149,0.108,0.074,0.381,0.188,0.155,0.123,0.093,0.092,0.077,0.152,0.123,0.079,0.067,0.104,0.236,0.168,0.143,0.105,0.073,0.079,0.121,0.138,0.167,0.130,0.169,0.170,0.137,0.129,0.063,0.072,0.075,0.218,0.094,0.070,0.074,0.087,0.181,0.166,0.187,0.081,0.077,0.055,0.331,0.107,0.062,0.077,0.185,0.241,0.237,0.463,0.116,0.102,0.079,0.488,0.063,0.074,0.078,0.097,0.223,0.189,0.200,0.077,0.064,0.087,0.121,0.089,0.042,0.048,0.189,0.218,0.200,0.246,0.085,0.002,0.092,0.195,0.117,0.043,0.041,0.075,0.293,0.218,0.196,0.074,0.053,0.059,0.203,0.065,0.062,0.043,0.079,0.137,0.142,0.172,0.050,0.043,0.003,,,,,,,,,,,,,,,,,,,,,,,,,
f5ad5f55dbf5,GGAAAGGCAGUCCAAAAGUCGGUCGGAAGACGGACAAAAGCAGAUCGGAAGAUGUGCAAAAGACGCUGGAGACAGGGUCAAAAGGUGUACGGAAGUAGACCAAAAGGAGUGCCAAAGAAACAACAACAACAAC,NMIA,ETERNA_R20_0001.rdat,,2.947,1,,,,,,0.130,0.312,0.480,0.376,2.964,0.200,0.076,-0.014,0.397,0.784,0.868,0.909,0.733,0.644,0.485,0.508,0.083,0.063,0.041,-0.011,2.796,0.799,0.341,0.243,0.073,-0.012,0.319,0.000,0.034,-0.084,0.194,0.354,0.528,0.698,0.047,-0.035,0.092,0.385,0.062,0.059,0.000,0.087,1.125,0.648,0.490,0.089,0.069,0.038,0.818,0.097,0.041,-0.042,0.647,0.471,0.714,0.892,0.037,0.046,0.066,1.920,0.127,0.082,0.032,0.252,0.387,0.180,0.325,-0.050,-0.013,0.078,0.368,-0.111,-0.149,-0.346,0.378,0.515,0.577,0.501,0.578,0.631,0.026,0.295,0.015,-0.245,-0.188,-0.020,0.369,0.316,0.376,-0.216,1.046,0.185,-0.079,-0.570,-0.434,-0.822,-0.073,-0.136,-0.175,0.383,-0.180,-0.412,-0.296,,,,,,,,,,,,,,,,,,,,,,,,,,,,,,,0.073,0.110,0.143,0.122,0.640,0.087,0.062,0.044,0.127,0.204,0.221,0.229,0.194,0.176,0.144,0.149,0.064,0.060,0.055,0.045,0.606,0.207,0.115,0.096,0.062,0.045,0.111,0.047,0.054,0.030,0.086,0.118,0.153,0.187,0.057,0.040,0.066,0.124,0.060,0.059,0.047,0.065,0.272,0.177,0.145,0.065,0.061,0.055,0.211,0.067,0.055,0.039,0.177,0.141,0.190,0.226,0.055,0.056,0.060,0.431,0.073,0.064,0.054,0.098,0.125,0.083,0.112,0.037,0.045,0.063,0.121,0.025,0.017,-0.022,0.123,0.150,0.163,0.147,0.163,0.173,0.052,0.106,0.050,-0.002,0.010,0.043,0.121,0.110,0.122,0.004,0.256,0.084,0.031,-0.067,-0.040,-0.117,0.033,0.020,0.012,0.124,0.011,-0.035,-0.012,,,,,,,,,,,,,,,,,,,,,,,,,
f5ad5f55dbf5,GGAAAGGCAGUCCAAAAGUCGGUCGGAAGACGGACAAAAGCAGAUCGGAAGAUGUGCAAAAGACGCUGGAGACAGGGUCAAAAGGUGUACGGAAGUAGACCAAAAGGAGUGCCAAAGAAACAACAACAACAAC,NMIA,ETERNA_R20_0001.rdat,,3.063,1,,,,,,0.031,0.336,0.347,-0.116,1.122,0.129,0.012,0.000,0.312,0.735,0.632,0.648,0.178,0.131,0.107,0.917,0.238,0.142,0.069,0.110,0.866,0.741,0.513,0.182,0.127,0.008,0.559,0.067,0.022,-0.051,0.268,0.508,0.556,0.725,0.094,0.009,0.137,0.667,0.099,0.093,0.054,0.180,1.056,0.842,0.712,0.150,0.110,0.049,0.804,0.146,0.097,-0.019,0.441,0.631,0.750,0.954,0.090,0.054,-0.005,2.488,0.204,0.090,0.021,0.081,0.213,0.100,0.439,-0.033,-0.039,0.070,0.406,-0.028,-0.083,-0.332,0.448,0.527,0.603,0.742,0.184,0.122,0.065,1.156,0.154,-0.021,-0.019,0.313,1.820,1.148,1.172,-0.321,-0.000,0.066,0.672,-0.334,-0.328,-0.606,0.288,0.494,0.753,1.343,0.147,-0.188,-0.397,,,,,,,,,,,,,,,,,,,,,,,,,,,,,,,0.053,0.114,0.117,0.024,0.272,0.073,0.050,0.047,0.110,0.194,0.174,0.177,0.083,0.073,0.069,0.231,0.095,0.076,0.061,0.069,0.220,0.195,0.150,0.084,0.073,0.049,0.159,0.061,0.052,0.037,0.101,0.149,0.158,0.192,0.066,0.049,0.075,0.181,0.067,0.066,0.058,0.083,0.258,0.216,0.190,0.077,0.069,0.057,0.208,0.076,0.067,0.043,0.135,0.173,0.197,0.238,0.065,0.058,0.046,0.545,0.088,0.065,0.051,0.063,0.090,0.067,0.135,0.041,0.039,0.061,0.128,0.042,0.031,-0.019,0.137,0.153,0.168,0.196,0.084,0.072,0.060,0.278,0.078,0.043,0.044,0.110,0.411,0.277,0.282,-0.017,0.047,0.060,0.182,-0.020,-0.018,-0.074,0.105,0.146,0.198,0.316,0.077,0.010,-0.032,,,,,,,,,,,,,,,,,,,,,,,,,
