id,sequence,experiment_type,dataset_name,reads,signal_to_noise,SN_filter,reactivity_0001,reactivity_0002,reactivity_0003,reactivity_0004,reactivity_0005,reactivity_0006,reactivity_0007,reactivity_0008,reactivity_0009,reactivity_0010,reactivity_0011,reactivity_0012,reactivity_0013,reactivity_0014,reactivity_0015,reactivity_0016,reactivity_0017,reactivity_0018,reactivity_0019,reactivity_0020,reactivity_0021,reactivity_0022,reactivity_0023,reactivity_0024,reactivity_0025,reactivity_0026,reactivity_0027,reactivity_0028,reactivity_0029,reactivity_0030,reactivity_0031,reactivity_0032,reactivity_0033,reactivity_0034,reactivity_0035,reactivity_0036,reactivity_0037,reactivity_0038,reactivity_0039,reactivity_0040,reactivity_0041,reactivity_0042,reactivity_0043,reactivity_0044,reactivity_0045,reactivity_0046,reactivity_0047,reactivity_0048,reactivity_0049,reactivity_0050,reactivity_0051,reactivity_0052,reactivity_0053,reactivity_0054,reactivity_0055,reactivity_0056,reactivity_0057,reactivity_error_0001,reactivity_error_0002,reactivity_error_0003,reactivity_error_0004,reactivity_error_0005,reactivity_error_0006,reactivity_error_0007,reactivity_error_0008,reactivity_error_0009,reactivity_error_0010,reactivity_error_0011,reactivity_error_0012,reactivity_error_0013,reactivity_error_0014,reactivity_error_0015,reactivity_error_0016,reactivity_error_0017,reactivity_error_0018,reactivity_error_0019,reactivity_error_0020,reactivity_error_0021,reactivity_error_0022,reactivity_error_0023,reactivity_error_0024,reactivity_error_0025,reactivity_error_0026,reactivity_error_0027,reactivity_error_0028,reactivity_error_0029,reactivity_error_0030,reactivity_error_0031,reactivity_error_0032,reactivity_error_0033,reactivity_error_0034,reactivity_error_0035,reactivity_error_0036,reactivity_error_0037,reactivity_error_0038,reactivity_error_0039,reactivity_error_0040,reactivity_error_0041,reactivity_error_0042,reactivity_error_0043,reactivity_error_0044,reactivity_error_0045,reactivity_error_0046,reactivity_error_0047,reactivity_error_0048,reactivity_error_0049,reactivity_error_0050,reactivity_error_0051,reactivity_error_0052,reactivity_error_0053,reactivity_error_0054,reactivity_error_0055,reactivity_error_0056,reactivity_error_0057
95edccc9b32c,XXXXXXXXXXXXXXXXXXXXXXXXXXXXXXXXXXXXXXXXXXXXXXXXXXXXXXXXX,1M7,RNAPZ11_1M7_0001.rdat,,9.949,1,0.244,0.057,0.068,0.033,0.033,0.015,0.047,0.030,0.025,0.060,0.436,0.059,0.017,0.050,0.314,0.929,1.735,1.016,0.199,0.094,0.033,0.063,0.008,0.081,0.025,0.115,0.234,0.837,0.422,0.186,0.102,0.314,1.225,0.209,0.089,0.042,0.048,0.424,0.176,0.398,0.893,1.320,0.236,0.270,0.773,1.629,1.123,0.146,0.143,0.195,0.108,0.101,0.091,0.053,0.091,0.087,0.070,0.052,0.014,0.012,0.002,0.003,0.001,0.008,0.005,0.002,0.003,0.026,0.018,0.003,0.001,0.015,0.067,0.126,0.077,0.010,0.016,0.002,0.030,0.018,0.031,0.028,0.023,0.004,0.062,0.058,0.024,0.008,0.012,0.101,0.043,0.004,0.001,0.002,0.043,0.020,0.031,0.019,0.153,0.055,0.036,0.053,0.182,0.140,0.071,0.023,0.027,0.017,0.009,0.003,0.002,0.002,0.011,0.031
cb67ddc594e7,YXXXXXXXXXXXXXXXXXXXXXXXXXXXXXXXXXXXXXXXXXXXXXXXXXXXXXXXX,1M7,RNAPZ11_1M7_0001.rdat,,9.836,1,0.424,0.710,0.064,0.112,0.114,0.061,0.159,0.111,0.105,0.128,0.412,0.074,0.045,0.073,0.378,0.945,1.829,1.065,0.211,0.074,0.023,0.101,0.029,0.085,0.021,0.153,0.269,0.892,0.420,0.180,0.109,0.311,1.272,0.255,0.134,0.081,0.070,0.476,0.219,0.407,0.924,1.363,0.326,0.270,0.839,1.637,1.410,0.239,0.229,0.386,0.218,0.216,0.179,0.207,0.711,0.597,0.106,0.106,0.138,0.077,0.005,0.006,0.005,0.027,0.019,0.007,0.011,0.026,0.022,0.008,0.002,0.029,0.055,0.093,0.106,0.017,0.009,0.004,0.048,0.029,0.037,0.034,0.030,0.002,0.067,0.059,0.023,0.008,0.015,0.102,0.045,0.004,0.004,0.001,0.049,0.027,0.030,0.013,0.145,0.062,0.036,0.049,0.156,0.161,0.083,0.031,0.054,0.032,0.017,0.006,0.000,0.031,0.074,0.046
37158fc7286e,XYXXXXXXXXXXXXXXXXXXXXXXXXXXXXXXXXXXXXXXXXXXXXXXXXXXXXXXX,1M7,RNAPZ11_1M7_0001.rdat,,10.568,1,0.330,0.012,0.521,0.394,0.347,0.189,0.291,0.198,0.187,0.233,0.440,0.071,0.041,0.077,0.360,0.892,1.656,0.966,0.197,0.085,0.036,0.105,0.009,0.093,0.020,0.141,0.264,0.855,0.411,0.180,0.088,0.295,1.252,0.259,0.137,0.078,0.075,0.468,0.220,0.382,0.857,1.354,0.382,0.270,0.841,1.674,1.330,0.284,0.276,0.692,0.377,0.416,0.374,0.325,0.436,0.390,0.061,0.070,0.035,0.086,0.019,0.010,0.015,0.049,0.034,0.012,0.015,0.030,0.026,0.007,0.001,0.018,0.060,0.101,0.089,0.013,0.012,0.001,0.045,0.021,0.036,0.030,0.027,0.002,0.063,0.057,0.023,0.006,0.011,0.105,0.039,0.006,0.002,0.003,0.048,0.026,0.031,0.012,0.127,0.065,0.037,0.034,0.141,0.142,0.078,0.032,0.103,0.054,0.027,0.020,0.001,0.017,0.053,0.021
a2f8d48adb76,XXYXXXXXXXXXXXXXXXXXXXXXXXXXXXXXXXXXXXXXXXXXXXXXXXXXXXXXX,1M7,RNAPZ11_1M7_0001.rdat,,11.087,1,0.563,0.147,0.180,0.625,0.553,0.236,0.212,0.113,0.089,0.151,0.385,0.077,0.031,0.076,0.328,0.868,1.695,0.937,0.222,0.079,0.028,0.061,0.018,0.074,0.041,0.074,0.237,0.859,0.432,0.195,0.106,0.307,1.244,0.285,0.144,0.082,0.084,0.545,0.238,0.323,0.852,1.520,0.461,0.245,0.949,1.686,1.348,0.314,0.270,0.495,0.338,0.498,0.394,0.149,0.214,0.154,0.045,0.072,0.029,0.030,0.014,0.041,0.007,0.035,0.020,0.007,0.013,0.030,0.020,0.007,0.001,0.015,0.063,0.124,0.068,0.008,0.008,0.001,0.031,0.021,0.031,0.031,0.019,0.010,0.068,0.061,0.025,0.008,0.010,0.121,0.034,0.003,0.002,0.006,0.055,0.028,0.025,0.019,0.135,0.075,0.037,0.037,0.128,0.145,0.081,0.031,0.069,0.048,0.018,0.018,0.009,0.008,0.020,0.020
f560bcdde4ac,XXXYXXXXXXXXXXXXXXXXXXXXXXXXXXXXXXXXXXXXXXXXXXXXXXXXXXXXX,1M7,RNAPZ11_1M7_0001.rdat,,9.149,1,0.350,0.073,0.104,0.399,0.358,0.130,0.180,0.096,0.087,0.148,0.418,0.047,0.026,0.045,0.272,0.885,1.703,0.990,0.233,0.113,0.045,0.077,0.006,0.094,0.015,0.103,0.221,0.803,0.392,0.170,0.105,0.337,1.264,0.193,0.109,0.069,0.067,0.429,0.172,0.422,0.910,1.403,0.344,0.286,0.920,1.508,1.302,0.297,0.279,0.700,0.398,0.646,0.263,0.129,0.154,0.138,0.080,0.049,0.019,0.022,0.042,0.018,0.007,0.031,0.018,0.007,0.009,0.027,0.020,0.003,0.001,0.017,0.056,0.101,0.079,0.010,0.008,0.002,0.035,0.018,0.032,0.021,0.018,0.012,0.075,0.051,0.022,0.008,0.020,0.112,0.049,0.004,0.006,0.002,0.049,0.021,0.026,0.048,0.202,0.064,0.038,0.093,0.234,0.186,0.084,0.032,0.093,0.069,0.032,0.011,0.014,0.011,0.016,0.046
8543bdbe2987,XXXXYXXXXXXXXXXXXXXXXXXXXXXXXXXXXXXXXXXXXXXXXXXXXXXXXXXXX,1M7,RNAPZ11_1M7_0001.rdat,,9.558,1,0.386,0.132,0.098,0.098,0.635,1.959,0.962,0.230,0.261,0.279,0.482,0.079,0.036,0.066,0.301,0.946,1.691,1.013,0.225,0.073,0.033,0.054,0.023,0.077,0.041,0.091,0.228,0.814,0.426,0.196,0.108,0.283,1.297,0.274,0.117,0.069,0.074,0.484,0.244,0.397,0.887,1.409,0.500,0.295,0.939,1.803,1.470,0.481,0.397,0.949,0.934,0.489,0.217,0.101,0.153,0.118,0.106,0.058,0.032,0.016,0.012,0.067,0.058,0.162,0.064,0.036,0.027,0.042,0.028,0.006,0.001,0.020,0.070,0.140,0.055,0.009,0.011,0.002,0.028,0.021,0.032,0.032,0.023,0.011,0.067,0.059,0.025,0.008,0.011,0.116,0.042,0.005,0.002,0.003,0.050,0.029,0.027,0.013,0.151,0.078,0.042,0.067,0.226,0.189,0.098,0.042,0.126,0.130,0.077,0.009,0.011,0.005,0.015,0.052
91f18af9a436,XXXXXYXXXXXXXXXXXXXXXXXXXXXXXXXXXXXXXXXXXXXXXXXXXXXXXXXXX,1M7,RNAPZ11_1M7_0001.rdat,,8.721,1,0.295,0.059,0.050,0.037,0.048,0.091,0.172,0.055,0.053,0.107,0.627,0.074,0.022,0.057,0.299,0.927,1.715,1.011,0.198,0.083,0.039,0.065,0.000,0.090,0.000,0.131,0.219,0.836,0.377,0.143,0.067,0.276,1.270,0.189,0.076,0.050,0.054,0.430,0.160,0.378,0.802,1.376,0.301,0.254,0.826,1.836,1.037,0.266,0.236,0.492,0.315,0.213,0.176,0.097,0.152,0.111,0.054,0.037,0.022,0.016,0.004,0.011,0.008,0.029,0.015,0.006,0.007,0.040,0.031,0.005,0.001,0.021,0.061,0.118,0.080,0.010,0.011,0.002,0.031,0.018,0.033,0.023,0.023,0.013,0.075,0.050,0.019,0.005,0.015,0.108,0.050,0.005,0.002,0.001,0.050,0.020,0.023,0.040,0.203,0.061,0.034,0.077,0.286,0.151,0.069,0.026,0.065,0.046,0.026,0.008,0.010,0.006,0.013,0.032
c9502db4ca2c,XXXXXXYXXXXXXXXXXXXXXXXXXXXXXXXXXXXXXXXXXXXXXXXXXXXXXXXXX,1M7,RNAPZ11_1M7_0001.rdat,,7.593,1,0.221,0.054,0.087,0.055,0.070,0.170,0.206,0.511,0.192,0.253,0.348,0.057,0.031,0.050,0.266,0.926,1.772,0.968,0.182,0.063,0.026,0.060,0.000,0.092,0.001,0.101,0.185,0.772,0.342,0.122,0.065,0.332,1.314,0.188,0.080,0.050,0.067,0.620,0.308,0.417,0.870,1.282,0.317,0.200,0.811,1.279,1.203,0.635,0.678,1.108,0.250,0.192,0.131,0.065,0.130,0.081,0.058,0.050,0.016,0.031,0.012,0.018,0.057,0.034,0.135,0.015,0.023,0.030,0.019,0.008,0.003,0.022,0.044,0.126,0.077,0.008,0.013,0.001,0.027,0.017,0.032,0.017,0.017,0.016,0.081,0.044,0.016,0.005,0.019,0.139,0.058,0.006,0.008,0.007,0.087,0.036,0.022,0.075,0.217,0.055,0.027,0.107,0.253,0.181,0.096,0.079,0.150,0.072,0.023,0.012,0.010,0.007,0.010,0.038
a88a107f8212,XXXXXXXYXXXXXXXXXXXXXXXXXXXXXXXXXXXXXXXXXXXXXXXXXXXXXXXXX,1M7,RNAPZ11_1M7_0001.rdat,,9.751,1,0.219,0.056,0.077,0.038,0.040,0.016,0.101,0.228,0.583,0.223,0.466,0.074,0.033,0.046,0.279,0.869,1.844,0.983,0.211,0.085,0.018,0.050,0.000,0.073,0.010,0.108,0.197,0.807,0.372,0.172,0.101,0.323,1.231,0.178,0.092,0.035,0.055,0.684,0.466,0.529,1.012,1.284,0.274,0.310,0.972,1.956,1.438,1.009,0.484,0.298,0.174,0.151,0.102,0.053,0.094,0.076,0.045,0.048,0.011,0.016,0.005,0.004,0.002,0.023,0.062,0.035,0.019,0.032,0.027,0.008,0.002,0.020,0.046,0.099,0.105,0.013,0.008,0.001,0.022,0.015,0.028,0.022,0.019,0.009,0.067,0.051,0.022,0.008,0.018,0.097,0.053,0.006,0.003,0.003,0.074,0.053,0.029,0.031,0.156,0.054,0.042,0.071,0.227,0.177,0.154,0.052,0.040,0.027,0.012,0.003,0.004,0.003,0.010,0.022
e507c1f2483b,XXXXXXXXYXXXXXXXXXXXXXXXXXXXXXXXXXXXXXXXXXXXXXXXXXXXXXXXX,1M7,RNAPZ11_1M7_0001.rdat,,9.974,1,0.299,0.087,0.057,0.036,0.044,0.031,0.090,0.214,0.265,0.832,2.422,0.384,0.075,0.068,0.315,0.937,1.680,0.992,0.208,0.082,0.030,0.055,0.029,0.060,0.057,0.097,0.248,0.789,0.470,0.217,0.107,0.256,1.222,0.287,0.119,0.062,0.077,0.663,0.443,0.477,0.807,1.374,0.523,0.220,0.776,1.997,1.965,0.982,0.545,0.396,0.212,0.155,0.116,0.074,0.130,0.117,0.059,0.037,0.024,0.013,0.009,0.013,0.013,0.015,0.038,0.032,0.068,0.150,0.117,0.017,0.001,0.014,0.090,0.152,0.056,0.007,0.012,0.000,0.028,0.021,0.029,0.038,0.029,0.024,0.094,0.065,0.027,0.008,0.012,0.165,0.024,0.003,0.003,0.006,0.072,0.052,0.043,0.038,0.108,0.084,0.032,0.011,0.084,0.204,0.173,0.057,0.057,0.029,0.015,0.006,0.001,0.005,0.015,0.026
018cf69ad2e1,XXXXXXXXXYXXXXXXXXXXXXXXXXXXXXXXXXXXXXXXXXXXXXXXXXXXXXXXX,1M7,RNAPZ11_1M7_0001.rdat,,11.280,1,0.255,0.076,0.056,0.025,0.030,0.010,0.028,0.049,0.031,0.178,0.187,0.027,0.016,0.068,0.302,0.979,1.847,1.023,0.181,0.053,0.016,0.050,0.004,0.070,0.034,0.092,0.215,0.842,0.424,0.176,0.091,0.303,1.271,0.226,0.078,0.034,0.049,0.425,0.181,0.402,0.998,1.419,0.340,0.313,1.475,2.053,0.475,0.099,0.089,0.178,0.116,0.115,0.096,0.080,0.113,0.091,0.073,0.046,0.025,0.010,0.001,0.001,0.002,0.005,0.008,0.002,0.008,0.015,0.011,0.003,0.001,0.019,0.060,0.105,0.106,0.012,0.005,0.002,0.024,0.015,0.028,0.029,0.022,0.009,0.068,0.061,0.022,0.007,0.009,0.127,0.038,0.003,0.001,0.004,0.044,0.021,0.043,0.023,0.123,0.063,0.042,0.050,0.164,0.063,0.031,0.011,0.025,0.017,0.009,0.003,0.001,0.003,0.011,0.032
f374474b5df4,XXXXXXXXXXYXXXXXXXXXXXXXXXXXXXXXXXXXXXXXXXXXXXXXXXXXXXXXX,1M7,RNAPZ11_1M7_0001.rdat,,10.160,1,0.234,0.051,0.049,0.024,0.046,0.039,0.099,0.031,0.031,0.008,0.019,0.019,0.168,0.304,1.684,2.608,2.285,1.084,0.204,0.064,0.033,0.049,0.025,0.054,0.045,0.090,0.218,0.838,0.421,0.173,0.085,0.232,1.360,0.234,0.069,0.025,0.074,0.771,0.629,0.584,0.691,1.190,0.298,0.140,0.175,1.048,1.839,0.382,0.525,0.307,0.270,0.257,0.124,0.056,0.090,0.081,0.038,0.047,0.016,0.008,0.002,0.005,0.006,0.029,0.007,0.002,0.000,0.004,0.002,0.014,0.005,0.102,0.259,0.195,0.069,0.006,0.009,0.001,0.024,0.018,0.025,0.033,0.027,0.021,0.100,0.060,0.022,0.006,0.007,0.188,0.021,0.005,0.003,0.007,0.085,0.073,0.046,0.033,0.093,0.059,0.019,0.002,0.024,0.202,0.078,0.056,0.042,0.036,0.010,0.007,0.002,0.006,0.013,0.011
132da680ade4,XXXXXXXXXXXYXXXXXXXXXXXXXXXXXXXXXXXXXXXXXXXXXXXXXXXXXXXXX,1M7,RNAPZ11_1M7_0001.rdat,,9.350,1,0.252,0.065,0.057,0.026,0.028,0.023,0.230,0.102,0.055,0.058,0.145,0.126,0.089,0.040,0.171,0.638,1.879,0.965,0.169,0.052,0.014,0.037,0.020,0.051,0.037,0.104,0.201,0.767,0.407,0.169,0.078,0.222,0.880,0.188,0.063,0.030,0.089,1.040,0.888,0.633,0.382,0.923,0.694,0.230,0.551,1.164,1.452,0.271,0.308,0.199,0.144,0.144,0.090,0.056,0.091,0.086,0.037,0.047,0.021,0.010,0.001,0.006,0.002,0.078,0.042,0.006,0.016,0.051,0.026,0.004,0.002,0.005,0.052,0.171,0.063,0.005,0.007,0.001,0.019,0.016,0.024,0.031,0.029,0.017,0.085,0.057,0.021,0.006,0.007,0.118,0.016,0.002,0.003,0.008,0.108,0.110,0.034,0.007,0.073,0.105,0.045,0.006,0.032,0.160,0.059,0.035,0.029,0.020,0.005,0.004,0.003,0.009,0.012,0.010
336daf089646,XXXXXXXXXXXXYXXXXXXXXXXXXXXXXXXXXXXXXXXXXXXXXXXXXXXXXXXXX,1M7,RNAPZ11_1M7_0001.rdat,,9.201,1,0.241,0.062,0.063,0.028,0.034,0.010,0.043,0.026,0.011,0.040,0.209,0.155,0.042,0.111,0.795,1.406,1.241,0.622,0.132,0.056,0.016,0.039,0.024,0.048,0.034,0.094,0.193,0.763,0.395,0.169,0.089,0.220,1.258,0.229,0.079,0.032,0.058,0.647,0.559,0.254,0.180,1.802,0.231,0.276,0.885,1.682,1.334,0.144,0.146,0.159,0.095,0.095,0.082,0.059,0.110,0.087,0.038,0.048,0.020,0.011,0.001,0.005,0.002,0.012,0.005,0.003,0.013,0.085,0.063,0.009,0.003,0.037,0.149,0.117,0.036,0.006,0.009,0.001,0.018,0.015,0.021,0.028,0.028,0.018,0.087,0.057,0.022,0.007,0.007,0.173,0.021,0.005,0.002,0.006,0.066,0.075,0.015,0.004,0.147,0.074,0.038,0.011,0.079,0.139,0.063,0.029,0.023,0.013,0.006,0.005,0.002,0.010,0.013,0.014
081722597933,XXXXXXXXXXXXXYXXXXXXXXXXXXXXXXXXXXXXXXXXXXXXXXXXXXXXXXXXX,1M7,RNAPZ11_1M7_0001.rdat,,9.686,1,0.234,0.053,0.048,0.024,0.035,0.007,0.029,0.015,0.012,0.032,0.302,0.113,0.038,0.133,1.974,1.045,1.494,0.893,0.179,0.083,0.031,0.063,0.021,0.064,0.036,0.116,0.196,0.806,0.371,0.171,0.078,0.246,1.354,0.205,0.072,0.032,0.081,0.887,0.871,0.584,0.695,1.500,0.268,0.216,0.746,1.613,1.122,0.134,0.134,0.163,0.093,0.094,0.096,0.054,0.112,0.085,0.073,0.048,0.018,0.008,0.001,0.002,0.001,0.006,0.003,0.001,0.005,0.100,0.037,0.004,0.040,0.152,0.068,0.131,0.055,0.006,0.011,0.001,0.030,0.018,0.028,0.032,0.028,0.012,0.075,0.053,0.021,0.006,0.008,0.144,0.031,0.005,0.000,0.008,0.091,0.100,0.032,0.008,0.145,0.065,0.029,0.031,0.141,0.122,0.061,0.021,0.022,0.014,0.006,0.003,0.000,0.004,0.010,0.032
f89448331c7f,XXXXXXXXXXXXXXYXXXXXXXXXXXXXXXXXXXXXXXXXXXXXXXXXXXXXXXXXX,1M7,RNAPZ11_1M7_0001.rdat,,11.206,1,0.241,0.071,0.050,0.032,0.032,0.015,0.027,0.033,0.022,0.133,0.038,0.009,0.028,0.071,0.385,1.438,2.000,1.024,0.196,0.070,0.021,0.037,0.011,0.053,0.023,0.063,0.185,0.796,0.375,0.154,0.078,0.317,1.262,0.211,0.073,0.042,0.065,0.469,0.181,0.289,0.870,1.364,0.297,0.197,0.864,1.639,1.127,0.142,0.141,0.163,0.098,0.097,0.098,0.069,0.137,0.095,0.034,0.040,0.024,0.010,0.001,0.002,0.004,0.006,0.006,0.001,0.011,0.005,0.004,0.002,0.013,0.010,0.085,0.120,0.076,0.008,0.008,0.001,0.019,0.014,0.022,0.022,0.016,0.007,0.064,0.054,0.019,0.006,0.010,0.119,0.033,0.003,0.001,0.004,0.048,0.021,0.018,0.014,0.133,0.059,0.026,0.038,0.149,0.124,0.059,0.022,0.022,0.014,0.006,0.003,0.001,0.005,0.013,0.011
cff134c6bb75,XXXXXXXXXXXXXXXYXXXXXXXXXXXXXXXXXXXXXXXXXXXXXXXXXXXXXXXXX,1M7,RNAPZ11_1M7_0001.rdat,,10.290,1,0.271,0.060,0.076,0.035,0.029,0.016,0.052,0.035,0.029,0.051,0.416,0.087,0.018,0.064,0.304,1.700,2.032,1.235,0.241,0.101,0.041,0.053,0.023,0.067,0.054,0.123,0.243,0.833,0.441,0.236,0.121,0.291,1.360,0.256,0.098,0.049,0.057,0.436,0.214,0.434,0.910,1.404,0.258,0.258,0.751,1.753,1.219,0.189,0.178,0.245,0.155,0.131,0.106,0.073,0.109,0.094,0.032,0.048,0.014,0.018,0.006,0.005,0.001,0.009,0.007,0.004,0.001,0.080,0.020,0.005,0.001,0.038,0.125,0.167,0.075,0.007,0.009,0.003,0.026,0.019,0.030,0.038,0.032,0.017,0.078,0.064,0.030,0.009,0.009,0.162,0.030,0.005,0.001,0.003,0.048,0.024,0.040,0.036,0.118,0.060,0.035,0.014,0.095,0.128,0.063,0.027,0.035,0.022,0.012,0.005,0.001,0.006,0.014,0.014
a65a4a534c03,XXXXXXXXXXXXXXXXYXXXXXXXXXXXXXXXXXXXXXXXXXXXXXXXXXXXXXXXX,1M7,RNAPZ11_1M7_0001.rdat,,10.799,1,0.239,0.055,0.068,0.032,0.028,0.011,0.057,0.060,0.076,0.071,0.397,0.074,0.030,0.073,0.367,1.340,1.620,0.862,0.179,0.087,0.030,0.059,0.016,0.065,0.029,0.131,0.226,0.828,0.432,0.194,0.100,0.285,1.294,0.226,0.093,0.053,0.047,0.305,0.272,0.462,0.810,1.300,0.230,0.238,0.744,1.747,1.200,0.166,0.173,0.220,0.131,0.121,0.114,0.073,0.105,0.094,0.082,0.050,0.011,0.014,0.004,0.004,0.000,0.011,0.012,0.010,0.004,0.054,0.024,0.007,0.004,0.059,0.038,0.040,0.071,0.007,0.008,0.003,0.027,0.016,0.028,0.032,0.032,0.014,0.080,0.061,0.024,0.008,0.010,0.143,0.031,0.004,0.001,0.004,0.032,0.030,0.033,0.020,0.119,0.054,0.032,0.023,0.132,0.129,0.066,0.027,0.031,0.020,0.010,0.005,0.000,0.003,0.011,0.038
e84501a767fa,XXXXXXXXXXXXXXXXXYXXXXXXXXXXXXXXXXXXXXXXXXXXXXXXXXXXXXXXX,1M7,RNAPZ11_1M7_0001.rdat,,8.212,1,0.242,0.039,0.051,0.028,0.039,0.034,0.075,0.058,0.053,0.089,0.448,0.082,0.021,0.042,0.069,0.245,0.492,0.152,0.216,0.590,0.431,0.389,0.000,0.084,0.027,0.072,0.220,0.766,0.420,0.179,0.059,0.154,0.711,0.221,0.202,0.306,0.521,0.418,0.173,0.320,0.647,1.189,0.277,0.241,0.814,1.705,1.172,0.175,0.149,0.235,0.156,0.140,0.105,0.075,0.120,0.126,0.071,0.053,0.009,0.015,0.003,0.007,0.001,0.012,0.010,0.007,0.002,0.108,0.016,0.007,0.007,0.003,0.032,0.130,0.063,0.028,0.114,0.011,0.128,0.012,0.032,0.031,0.026,0.020,0.088,0.060,0.023,0.006,0.007,0.098,0.019,0.019,0.021,0.045,0.048,0.019,0.037,0.032,0.095,0.053,0.033,0.011,0.075,0.122,0.057,0.024,0.036,0.022,0.012,0.006,0.002,0.007,0.017,0.023
1b9000cb0f3b,XXXXXXXXXXXXXXXXXXYXXXXXXXXXXXXXXXXXXXXXXXXXXXXXXXXXXXXXX,1M7,RNAPZ11_1M7_0001.rdat,,10.852,1,0.266,0.077,0.075,0.040,0.034,0.018,0.051,0.031,0.024,0.050,0.412,0.065,0.045,0.045,0.216,1.098,1.892,0.900,0.441,0.481,0.224,0.131,0.000,0.076,0.020,0.089,0.222,0.841,0.445,0.189,0.086,0.265,1.140,0.342,0.189,0.193,0.121,0.330,0.199,0.367,0.768,1.394,0.283,0.287,0.916,1.751,1.242,0.177,0.185,0.246,0.150,0.140,0.116,0.081,0.119,0.103,0.069,0.051,0.020,0.013,0.003,0.001,0.003,0.010,0.005,0.002,0.001,0.037,0.017,0.004,0.003,0.005,0.140,0.119,0.069,0.025,0.036,0.010,0.051,0.016,0.030,0.028,0.021,0.011,0.067,0.064,0.024,0.008,0.009,0.117,0.031,0.006,0.002,0.004,0.037,0.024,0.042,0.021,0.119,0.055,0.038,0.025,0.104,0.129,0.060,0.030,0.035,0.022,0.012,0.006,0.002,0.005,0.013,0.028
2cf76f8216be,XXXXXXXXXXXXXXXXXXXYXXXXXXXXXXXXXXXXXXXXXXXXXXXXXXXXXXXXX,1M7,RNAPZ11_1M7_0001.rdat,,10.384,1,0.253,0.059,0.068,0.033,0.042,0.026,0.062,0.027,0.023,0.057,0.386,0.064,0.020,0.031,0.105,0.405,0.658,0.520,0.541,0.815,0.647,0.512,0.000,0.089,0.014,0.100,0.215,0.777,0.414,0.215,0.060,0.147,0.434,1.294,1.064,0.387,0.184,0.524,0.156,0.366,0.700,1.316,0.258,0.298,0.870,1.755,1.231,0.179,0.174,0.291,0.171,0.163,0.140,0.095,0.118,0.111,0.057,0.051,0.012,0.014,0.003,0.006,0.001,0.010,0.005,0.002,0.002,0.049,0.019,0.006,0.002,0.010,0.011,0.026,0.094,0.105,0.079,0.010,0.140,0.003,0.032,0.027,0.022,0.006,0.059,0.056,0.029,0.005,0.005,0.039,0.113,0.059,0.009,0.003,0.055,0.018,0.038,0.016,0.112,0.052,0.040,0.025,0.103,0.128,0.065,0.030,0.045,0.025,0.017,0.007,0.001,0.004,0.016,0.023
065e4839c746,XXXXXXXXXXXXXXXXXXXXYXXXXXXXXXXXXXXXXXXXXXXXXXXXXXXXXXXXX,1M7,RNAPZ11_1M7_0001.rdat,,9.025,1,0.271,0.073,0.082,0.038,0.033,0.016,0.042,0.025,0.018,0.036,0.413,0.065,0.013,0.029,0.128,0.635,1.086,0.930,0.338,0.371,0.236,0.154,0.007,0.061,0.014,0.077,0.196,0.833,0.388,0.200,0.072,0.118,0.247,1.658,0.483,0.127,0.051,0.392,0.180,0.370,0.799,1.400,0.269,0.287,0.930,1.802,1.283,0.190,0.172,0.215,0.132,0.121,0.102,0.077,0.110,0.095,0.042,0.050,0.022,0.014,0.001,0.001,0.003,0.008,0.004,0.001,0.001,0.062,0.006,0.001,0.005,0.009,0.153,0.230,0.097,0.021,0.064,0.030,0.059,0.014,0.025,0.024,0.021,0.012,0.080,0.052,0.027,0.006,0.008,0.019,0.134,0.031,0.003,0.001,0.045,0.021,0.044,0.026,0.117,0.058,0.039,0.017,0.097,0.133,0.062,0.022,0.033,0.019,0.009,0.008,0.003,0.006,0.014,0.015
dc3a5f507fdf,XXXXXXXXXXXXXXXXXXXXXYXXXXXXXXXXXXXXXXXXXXXXXXXXXXXXXXXXX,1M7,RNAPZ11_1M7_0001.rdat,,7.167,1,0.266,0.101,0.064,0.027,0.033,0.010,0.042,0.052,0.053,0.077,0.326,0.071,0.029,0.060,0.254,0.442,0.744,0.598,0.405,0.019,0.116,0.194,0.266,0.215,0.354,0.573,0.814,1.090,0.423,0.180,0.483,2.558,1.751,0.541,0.178,0.092,0.084,0.428,0.240,0.393,0.853,1.400,0.303,0.294,0.838,1.855,1.261,0.180,0.171,0.264,0.159,0.136,0.113,0.086,0.176,0.146,0.040,0.035,0.030,0.020,0.002,0.006,0.003,0.011,0.009,0.004,0.011,0.081,0.016,0.003,0.014,0.069,0.147,0.100,0.022,0.164,0.006,0.014,0.108,0.127,0.127,0.199,0.164,0.075,0.114,0.061,0.033,0.055,0.288,0.234,0.040,0.004,0.006,0.006,0.053,0.027,0.044,0.053,0.109,0.057,0.039,0.009,0.047,0.134,0.054,0.027,0.043,0.021,0.014,0.008,0.005,0.016,0.021,0.008
e859daa11f84,XXXXXXXXXXXXXXXXXXXXXXYXXXXXXXXXXXXXXXXXXXXXXXXXXXXXXXXXX,1M7,RNAPZ11_1M7_0001.rdat,,7.917,1,0.240,0.052,0.071,0.036,0.031,0.017,0.041,0.023,0.021,0.056,0.311,0.056,0.013,0.043,0.284,0.851,1.197,0.405,0.125,0.039,0.035,0.030,0.000,0.159,0.000,0.577,0.858,1.270,0.966,1.674,0.308,0.126,0.076,0.086,0.062,0.041,0.051,0.390,0.176,0.419,0.950,1.413,0.284,0.288,0.902,1.724,1.291,0.199,0.201,0.253,0.152,0.131,0.132,0.076,0.108,0.097,0.041,0.046,0.012,0.017,0.003,0.006,0.003,0.007,0.004,0.003,0.003,0.073,0.012,0.004,0.005,0.025,0.045,0.242,0.116,0.003,0.012,0.002,0.006,0.016,0.056,0.059,0.099,0.053,0.103,0.128,0.216,0.066,0.010,0.006,0.008,0.001,0.002,0.002,0.042,0.020,0.028,0.024,0.181,0.063,0.038,0.057,0.186,0.152,0.078,0.028,0.034,0.023,0.014,0.005,0.001,0.004,0.014,0.015
083714aad275,XXXXXXXXXXXXXXXXXXXXXXXYXXXXXXXXXXXXXXXXXXXXXXXXXXXXXXXXX,1M7,RNAPZ11_1M7_0001.rdat,,6.205,1,0.221,0.052,0.071,0.039,0.041,0.018,0.043,0.015,0.018,0.068,0.314,0.053,0.019,0.078,0.271,0.865,1.000,0.327,0.143,0.043,0.179,0.396,0.249,1.490,0.704,1.570,2.141,1.322,1.970,2.006,0.646,0.656,1.526,0.238,0.109,0.057,0.046,0.419,0.189,0.406,0.943,1.437,0.281,0.293,0.798,1.823,1.241,0.153,0.160,0.195,0.123,0.135,0.103,0.062,0.105,0.089,0.045,0.041,0.012,0.016,0.006,0.009,0.001,0.008,0.004,0.002,0.001,0.081,0.007,0.003,0.017,0.018,0.052,0.181,0.075,0.015,0.009,0.028,0.235,0.279,0.565,0.504,0.302,0.130,0.110,0.274,0.252,0.071,0.041,0.121,0.059,0.007,0.004,0.001,0.043,0.021,0.027,0.027,0.173,0.061,0.039,0.053,0.200,0.148,0.076,0.027,0.026,0.019,0.009,0.003,0.002,0.004,0.012,0.018
d505a5d67816,XXXXXXXXXXXXXXXXXXXXXXXXYXXXXXXXXXXXXXXXXXXXXXXXXXXXXXXXX,1M7,RNAPZ11_1M7_0001.rdat,,8.015,1,0.216,0.058,0.052,0.028,0.019,0.016,0.038,0.016,0.018,0.109,0.233,0.046,0.009,0.044,0.309,0.998,1.075,0.324,0.075,0.064,0.062,0.021,0.000,0.713,0.000,1.594,2.082,1.338,2.430,1.453,0.359,0.444,1.451,0.264,0.119,0.061,0.062,0.476,0.208,0.468,1.037,1.577,0.301,0.325,0.971,1.993,1.422,0.185,0.194,0.256,0.157,0.142,0.126,0.071,0.116,0.104,0.035,0.028,0.023,0.015,0.005,0.008,0.001,0.006,0.003,0.002,0.035,0.092,0.006,0.002,0.004,0.054,0.088,0.146,0.052,0.006,0.003,0.008,0.017,0.073,0.241,0.206,0.284,0.082,0.113,0.322,0.205,0.033,0.018,0.114,0.050,0.005,0.003,0.002,0.049,0.024,0.040,0.014,0.158,0.064,0.044,0.034,0.146,0.150,0.073,0.028,0.038,0.022,0.012,0.008,0.001,0.007,0.017,0.010
f4cb9d1ecba9,XXXXXXXXXXXXXXXXXXXXXXXXXYXXXXXXXXXXXXXXXXXXXXXXXXXXXXXXX,1M7,RNAPZ11_1M7_0001.rdat,,9.073,1,0.237,0.039,0.059,0.025,0.033,0.021,0.053,0.039,0.021,0.058,0.393,0.063,0.024,0.078,0.338,0.972,1.738,0.777,0.127,0.108,0.029,0.043,0.000,0.114,0.000,0.280,0.335,0.863,0.474,0.186,0.092,0.297,1.241,0.252,0.114,0.059,0.071,0.439,0.187,0.418,0.905,1.461,0.283,0.320,0.886,1.848,1.245,0.157,0.146,0.226,0.168,0.162,0.114,0.085,0.154,0.146,0.012,0.044,0.010,0.015,0.004,0.008,0.001,0.009,0.007,0.003,0.003,0.087,0.015,0.005,0.006,0.051,0.091,0.226,0.224,0.032,0.005,0.006,0.013,0.008,0.040,0.029,0.049,0.003,0.066,0.067,0.024,0.007,0.009,0.123,0.029,0.002,0.001,0.005,0.048,0.021,0.042,0.042,0.118,0.058,0.043,0.010,0.061,0.132,0.055,0.026,0.039,0.022,0.012,0.010,0.006,0.015,0.027,0.012
29eb58aece27,XXXXXXXXXXXXXXXXXXXXXXXXXXYXXXXXXXXXXXXXXXXXXXXXXXXXXXXXX,1M7,RNAPZ11_1M7_0001.rdat,,8.319,1,0.243,0.042,0.076,0.039,0.055,0.032,0.084,0.055,0.036,0.066,0.344,0.047,0.033,0.087,0.333,0.889,1.752,0.791,0.131,0.138,0.095,0.082,0.000,0.000,1.357,0.638,0.788,1.699,2.421,0.591,0.286,0.376,1.230,0.300,0.154,0.123,0.124,0.552,0.289,0.493,0.958,1.637,0.422,0.375,0.993,1.875,1.444,0.218,0.210,0.317,0.209,0.196,0.147,0.106,0.165,0.160,0.062,0.050,0.008,0.017,0.003,0.006,0.002,0.014,0.010,0.004,0.007,0.034,0.020,0.003,0.004,0.030,0.029,0.125,0.204,0.042,0.042,0.031,0.035,0.021,0.150,0.384,0.169,0.039,0.129,0.310,0.112,0.038,0.012,0.133,0.031,0.006,0.003,0.008,0.058,0.034,0.048,0.036,0.135,0.074,0.051,0.015,0.078,0.151,0.068,0.030,0.050,0.029,0.019,0.010,0.005,0.007,0.022,0.020
2bdee9453bf9,XXXXXXXXXXXXXXXXXXXXXXXXXXXYXXXXXXXXXXXXXXXXXXXXXXXXXXXXX,1M7,RNAPZ11_1M7_0001.rdat,,6.330,1,0.255,0.069,0.074,0.041,0.076,0.044,0.124,0.101,0.067,0.063,0.355,0.060,0.050,0.075,0.208,0.324,0.644,0.852,0.724,0.100,0.003,0.309,0.055,0.318,0.253,0.916,1.136,0.197,0.902,0.147,0.127,0.276,1.114,0.499,0.276,0.182,0.143,0.560,0.235,0.437,0.851,1.419,0.285,0.350,0.991,1.770,1.257,0.170,0.151,0.338,0.211,0.234,0.149,0.110,0.189,0.174,0.073,0.037,0.024,0.015,0.006,0.009,0.012,0.028,0.017,0.004,0.006,0.074,0.003,0.008,0.017,0.060,0.109,0.048,0.323,0.165,0.031,0.001,0.124,0.044,0.092,0.068,0.221,0.325,0.122,0.150,0.019,0.016,0.021,0.182,0.037,0.024,0.016,0.014,0.075,0.026,0.052,0.069,0.112,0.051,0.047,0.022,0.031,0.136,0.051,0.025,0.061,0.028,0.019,0.009,0.004,0.008,0.024,0.028
08b7f3f22e32,XXXXXXXXXXXXXXXXXXXXXXXXXXXXYXXXXXXXXXXXXXXXXXXXXXXXXXXXX,1M7,RNAPZ11_1M7_0001.rdat,,7.351,1,0.250,0.050,0.070,0.029,0.033,0.020,0.055,0.032,0.032,0.051,0.384,0.053,0.026,0.067,0.300,0.888,1.601,0.937,0.187,0.042,0.145,0.063,0.000,1.201,0.164,0.853,0.917,0.963,0.314,1.049,0.243,0.364,1.219,0.322,0.133,0.088,0.086,0.486,0.233,0.441,0.918,1.553,0.362,0.326,0.947,1.904,1.333,0.205,0.181,0.324,0.216,0.192,0.153,0.109,0.177,0.152,0.031,0.051,0.011,0.014,0.001,0.004,0.001,0.009,0.006,0.004,0.004,0.032,0.020,0.002,0.003,0.011,0.104,0.274,0.124,0.014,0.016,0.048,0.024,0.093,0.360,0.092,0.164,0.238,0.121,0.132,0.147,0.033,0.011,0.144,0.027,0.004,0.004,0.006,0.057,0.026,0.050,0.049,0.121,0.068,0.044,0.014,0.029,0.144,0.057,0.028,0.060,0.029,0.018,0.013,0.007,0.013,0.025,0.006
ed58e4f1d8c1,XXXXXXXXXXXXXXXXXXXXXXXXXXXXXYXXXXXXXXXXXXXXXXXXXXXXXXXXX,1M7,RNAPZ11_1M7_0001.rdat,,5.903,1,0.214,0.037,0.122,0.084,0.213,0.156,0.340,0.206,0.151,0.147,0.428,0.075,0.125,0.179,0.320,0.348,0.553,0.895,0.878,0.241,0.095,0.766,0.484,0.187,0.950,0.487,0.449,0.564,0.132,0.235,0.370,1.220,1.537,0.483,0.376,0.270,0.254,0.522,0.169,0.369,0.678,1.225,0.435,0.349,1.022,1.641,1.097,0.123,0.115,0.218,0.223,0.222,0.136,0.095,0.203,0.156,0.014,0.046,0.016,0.021,0.002,0.019,0.008,0.055,0.036,0.013,0.014,0.030,0.039,0.004,0.028,0.070,0.122,0.093,0.362,0.041,0.020,0.041,0.155,0.182,0.085,0.268,0.209,0.050,0.051,0.034,0.095,0.080,0.170,0.308,0.052,0.084,0.076,0.038,0.087,0.026,0.019,0.060,0.160,0.068,0.047,0.060,0.101,0.115,0.047,0.024,0.045,0.030,0.016,0.013,0.011,0.027,0.030,0.025
89e53afbe1be,XXXXXXXXXXXXXXXXXXXXXXXXXXXXXXYXXXXXXXXXXXXXXXXXXXXXXXXXX,1M7,RNAPZ11_1M7_0001.rdat,,8.694,1,0.273,0.084,0.081,0.035,0.040,0.017,0.047,0.030,0.025,0.046,0.366,0.048,0.022,0.041,0.304,0.951,2.032,0.958,0.211,0.064,0.019,0.006,0.128,0.011,0.200,0.267,0.581,0.525,1.480,0.899,0.673,0.251,0.116,0.118,0.067,0.063,0.098,0.461,0.232,0.422,0.844,1.428,0.351,0.354,0.996,1.911,1.335,0.193,0.199,0.289,0.172,0.210,0.154,0.087,0.116,0.095,0.077,0.047,0.023,0.013,0.001,0.002,0.004,0.010,0.005,0.002,0.001,0.031,0.015,0.003,0.006,0.014,0.102,0.077,0.167,0.025,0.003,0.004,0.013,0.038,0.015,0.080,0.135,0.111,0.118,0.254,0.116,0.066,0.018,0.010,0.010,0.002,0.002,0.007,0.048,0.026,0.045,0.019,0.122,0.058,0.051,0.032,0.138,0.142,0.068,0.029,0.040,0.028,0.016,0.005,0.002,0.003,0.011,0.034
d8eaf72e560d,XXXXXXXXXXXXXXXXXXXXXXXXXXXXXXXYXXXXXXXXXXXXXXXXXXXXXXXXX,1M7,RNAPZ11_1M7_0001.rdat,,10.001,1,0.258,0.065,0.071,0.032,0.035,0.019,0.052,0.028,0.025,0.061,0.394,0.059,0.017,0.050,0.290,0.885,1.855,0.856,0.170,0.061,0.013,0.075,0.000,0.080,0.004,0.101,0.211,0.820,0.382,0.174,0.084,0.317,1.495,0.248,0.108,0.058,0.063,0.366,0.188,0.417,0.900,1.453,0.290,0.306,0.870,1.769,1.225,0.206,0.189,0.315,0.184,0.177,0.135,0.099,0.120,0.106,0.060,0.052,0.013,0.013,0.003,0.003,0.001,0.009,0.005,0.003,0.003,0.045,0.020,0.005,0.004,0.026,0.023,0.074,0.165,0.027,0.025,0.006,0.029,0.014,0.028,0.018,0.017,0.018,0.088,0.049,0.022,0.006,0.036,0.156,0.040,0.005,0.001,0.002,0.038,0.021,0.041,0.019,0.135,0.059,0.041,0.033,0.127,0.131,0.069,0.029,0.045,0.027,0.017,0.006,0.002,0.002,0.013,0.029
dfa161b9e24c,XXXXXXXXXXXXXXXXXXXXXXXXXXXXXXXXYXXXXXXXXXXXXXXXXXXXXXXXX,1M7,RNAPZ11_1M7_0001.rdat,,8.796,1,0.240,0.038,0.069,0.028,0.037,0.024,0.067,0.037,0.036,0.076,0.488,0.062,0.023,0.045,0.108,0.314,0.601,0.288,0.146,0.723,1.084,0.893,0.000,0.174,0.025,0.164,0.279,0.839,0.419,0.159,0.038,0.152,0.149,0.510,0.192,0.239,0.535,0.451,0.170,0.335,0.655,1.262,0.273,0.290,0.938,1.812,1.183,0.206,0.178,0.270,0.192,0.171,0.122,0.089,0.125,0.120,0.024,0.047,0.007,0.015,0.002,0.005,0.001,0.011,0.006,0.002,0.006,0.055,0.022,0.007,0.003,0.008,0.014,0.028,0.030,0.009,0.226,0.035,0.211,0.037,0.052,0.029,0.028,0.020,0.092,0.053,0.022,0.003,0.017,0.082,0.039,0.024,0.022,0.063,0.057,0.020,0.049,0.049,0.099,0.047,0.040,0.020,0.026,0.127,0.049,0.025,0.047,0.026,0.015,0.010,0.005,0.011,0.022,0.005
91b16db10178,XXXXXXXXXXXXXXXXXXXXXXXXXXXXXXXXXYXXXXXXXXXXXXXXXXXXXXXXX,1M7,RNAPZ11_1M7_0001.rdat,,8.854,1,0.238,0.064,0.066,0.032,0.069,0.050,0.089,0.082,0.061,0.083,0.445,0.060,0.037,0.070,0.301,0.887,1.845,1.169,0.407,0.261,0.260,0.162,0.090,0.023,0.107,0.061,0.214,0.653,0.424,0.199,0.098,0.228,0.814,0.564,0.275,0.154,0.099,0.411,0.247,0.387,0.878,1.430,0.303,0.261,0.786,1.744,1.231,0.228,0.196,0.285,0.207,0.173,0.122,0.093,0.150,0.125,0.036,0.037,0.021,0.012,0.003,0.006,0.008,0.017,0.014,0.004,0.002,0.040,0.017,0.003,0.007,0.013,0.128,0.202,0.062,0.007,0.065,0.027,0.068,0.037,0.023,0.047,0.039,0.049,0.152,0.054,0.030,0.007,0.030,0.193,0.048,0.007,0.006,0.009,0.049,0.028,0.043,0.053,0.112,0.058,0.035,0.010,0.041,0.131,0.054,0.026,0.045,0.028,0.015,0.008,0.004,0.015,0.021,0.009
a594e96fee3e,XXXXXXXXXXXXXXXXXXXXXXXXXXXXXXXXXXYXXXXXXXXXXXXXXXXXXXXXX,1M7,RNAPZ11_1M7_0001.rdat,,10.759,1,0.222,0.041,0.069,0.030,0.048,0.035,0.074,0.036,0.028,0.076,0.373,0.046,0.023,0.064,0.156,0.352,0.776,0.390,0.457,0.923,0.318,0.219,0.000,0.065,0.000,0.096,0.211,0.738,0.416,0.169,0.076,0.256,1.007,0.769,0.563,0.388,0.240,0.317,0.150,0.348,0.681,1.353,0.323,0.301,0.935,1.813,1.236,0.213,0.167,0.392,0.238,0.221,0.150,0.107,0.148,0.151,0.042,0.040,0.008,0.015,0.003,0.006,0.001,0.012,0.006,0.003,0.002,0.050,0.018,0.003,0.001,0.009,0.009,0.065,0.065,0.108,0.029,0.049,0.050,0.004,0.022,0.018,0.017,0.009,0.064,0.053,0.023,0.006,0.008,0.080,0.082,0.053,0.004,0.008,0.034,0.017,0.045,0.029,0.108,0.059,0.043,0.011,0.042,0.130,0.056,0.025,0.071,0.032,0.023,0.011,0.006,0.011,0.027,0.013
b2bda67bc616,XXXXXXXXXXXXXXXXXXXXXXXXXXXXXXXXXXXYXXXXXXXXXXXXXXXXXXXXX,1M7,RNAPZ11_1M7_0001.rdat,,8.202,1,0.264,0.069,0.072,0.035,0.047,0.021,0.059,0.033,0.019,0.049,0.497,0.058,0.021,0.043,0.072,0.101,0.402,0.412,0.796,0.449,0.315,0.238,0.075,0.019,0.049,0.056,0.171,0.585,0.467,0.246,0.101,0.051,0.211,0.750,0.312,0.108,0.127,0.231,0.118,0.340,0.859,1.447,0.299,0.327,0.877,1.866,1.219,0.172,0.172,0.314,0.201,0.197,0.139,0.108,0.140,0.135,0.029,0.044,0.025,0.014,0.001,0.005,0.005,0.013,0.006,0.002,0.001,0.056,0.014,0.001,0.006,0.004,0.012,0.054,0.017,0.019,0.105,0.032,0.100,0.035,0.018,0.027,0.031,0.043,0.158,0.059,0.037,0.013,0.018,0.082,0.063,0.111,0.012,0.006,0.031,0.015,0.054,0.063,0.112,0.056,0.045,0.018,0.027,0.131,0.054,0.025,0.058,0.027,0.017,0.011,0.006,0.009,0.021,0.007
9573375766c5,XXXXXXXXXXXXXXXXXXXXXXXXXXXXXXXXXXXXYXXXXXXXXXXXXXXXXXXXX,1M7,RNAPZ11_1M7_0001.rdat,,8.608,1,0.263,0.051,0.071,0.030,0.035,0.025,0.060,0.054,0.075,0.073,0.432,0.077,0.023,0.071,0.305,1.167,1.357,0.416,0.082,0.088,0.019,0.088,0.000,0.103,0.001,0.138,0.212,0.805,0.409,0.141,0.092,0.333,1.288,0.184,0.071,0.034,0.061,0.415,0.237,0.447,0.794,1.148,0.239,0.237,0.686,1.663,1.047,0.161,0.153,0.287,0.158,0.157,0.151,0.092,0.122,0.108,0.078,0.046,0.012,0.018,0.003,0.007,0.001,0.010,0.009,0.011,0.005,0.080,0.020,0.007,0.007,0.038,0.048,0.078,0.102,0.020,0.002,0.004,0.025,0.007,0.031,0.009,0.027,0.027,0.117,0.053,0.019,0.007,0.025,0.286,0.059,0.010,0.005,0.004,0.043,0.027,0.027,0.012,0.113,0.052,0.032,0.025,0.122,0.114,0.060,0.024,0.043,0.023,0.014,0.007,0.002,0.003,0.014,0.033
eb7ef7cddde7,XXXXXXXXXXXXXXXXXXXXXXXXXXXXXXXXXXXXXYXXXXXXXXXXXXXXXXXXX,1M7,RNAPZ11_1M7_0001.rdat,,8.209,1,0.299,0.046,0.082,0.039,0.058,0.055,0.113,0.190,0.353,0.129,0.384,0.108,0.059,0.195,0.438,0.838,1.582,0.647,0.136,0.089,0.031,0.089,0.000,0.083,0.008,0.149,0.235,0.834,0.391,0.156,0.122,0.400,1.312,0.207,0.066,0.041,0.347,0.848,0.898,0.547,0.770,0.994,0.274,0.170,0.541,1.682,1.083,0.197,0.129,0.234,0.133,0.148,0.129,0.097,0.136,0.122,0.103,0.048,0.010,0.018,0.003,0.008,0.004,0.019,0.036,0.037,0.017,0.048,0.037,0.013,0.014,0.061,0.022,0.034,0.101,0.019,0.008,0.004,0.034,0.015,0.031,0.025,0.026,0.007,0.076,0.052,0.020,0.009,0.014,0.199,0.052,0.014,0.013,0.146,0.297,0.102,0.041,0.009,0.101,0.050,0.024,0.022,0.140,0.120,0.062,0.021,0.034,0.021,0.012,0.005,0.003,0.002,0.014,0.042
420898552329,XXXXXXXXXXXXXXXXXXXXXXXXXXXXXXXXXXXXXXYXXXXXXXXXXXXXXXXXX,1M7,RNAPZ11_1M7_0001.rdat,,9.264,1,0.251,0.054,0.086,0.053,0.074,0.059,0.138,0.238,0.332,0.138,0.385,0.119,0.074,0.163,0.304,0.671,1.458,0.753,0.200,0.160,0.061,0.081,0.016,0.056,0.017,0.097,0.207,0.747,0.364,0.169,0.084,0.407,1.288,0.235,0.152,0.094,0.251,1.600,0.369,0.523,0.403,0.682,0.229,0.118,0.511,1.510,1.018,0.138,0.114,0.244,0.123,0.129,0.121,0.078,0.131,0.097,0.065,0.047,0.011,0.017,0.003,0.006,0.004,0.023,0.046,0.025,0.015,0.034,0.042,0.015,0.011,0.032,0.031,0.061,0.080,0.016,0.023,0.004,0.036,0.018,0.026,0.027,0.023,0.011,0.069,0.061,0.024,0.006,0.021,0.104,0.042,0.006,0.002,0.050,0.203,0.079,0.037,0.008,0.068,0.037,0.018,0.024,0.156,0.117,0.059,0.018,0.034,0.019,0.012,0.004,0.005,0.001,0.011,0.034
b3f232eb88f7,XXXXXXXXXXXXXXXXXXXXXXXXXXXXXXXXXXXXXXXYXXXXXXXXXXXXXXXXX,1M7,RNAPZ11_1M7_0001.rdat,,7.481,1,0.335,0.099,0.087,0.050,0.071,0.034,0.109,0.052,0.038,0.051,0.339,0.060,0.041,0.139,0.778,1.142,1.481,0.997,0.215,0.061,0.025,0.033,0.044,0.038,0.093,0.082,0.208,0.698,0.456,0.238,0.111,0.270,0.901,0.403,0.101,0.029,0.024,0.163,0.374,0.230,0.258,1.678,0.862,0.423,1.053,1.837,1.649,0.392,0.461,0.493,0.374,0.303,0.189,0.104,0.133,0.128,0.018,0.045,0.023,0.015,0.003,0.006,0.007,0.026,0.010,0.003,0.002,0.045,0.015,0.002,0.019,0.053,0.227,0.267,0.047,0.006,0.012,0.003,0.018,0.020,0.023,0.045,0.039,0.035,0.136,0.059,0.031,0.008,0.042,0.236,0.102,0.009,0.004,0.008,0.061,0.082,0.015,0.005,0.141,0.131,0.066,0.042,0.132,0.173,0.091,0.050,0.069,0.051,0.017,0.010,0.001,0.004,0.022,0.004
d80a98613e5e,XXXXXXXXXXXXXXXXXXXXXXXXXXXXXXXXXXXXXXXXYXXXXXXXXXXXXXXXX,1M7,RNAPZ11_1M7_0001.rdat,,10.571,1,0.256,0.046,0.079,0.041,0.041,0.020,0.057,0.033,0.023,0.068,0.381,0.063,0.023,0.060,0.325,0.999,1.784,0.926,0.184,0.116,0.037,0.088,0.004,0.059,0.000,0.158,0.230,0.842,0.452,0.177,0.097,0.363,1.209,0.199,0.103,0.067,0.089,0.478,0.203,0.546,1.094,2.006,0.344,0.345,0.955,1.847,1.384,0.249,0.217,0.368,0.212,0.180,0.156,0.112,0.134,0.106,0.032,0.049,0.010,0.019,0.004,0.006,0.001,0.009,0.006,0.003,0.002,0.055,0.019,0.005,0.004,0.031,0.026,0.044,0.159,0.025,0.005,0.006,0.032,0.009,0.021,0.019,0.027,0.007,0.072,0.059,0.024,0.007,0.019,0.101,0.050,0.005,0.006,0.002,0.049,0.026,0.027,0.153,0.172,0.086,0.046,0.016,0.075,0.144,0.066,0.030,0.058,0.030,0.017,0.010,0.001,0.005,0.017,0.013
6d6875611542,XXXXXXXXXXXXXXXXXXXXXXXXXXXXXXXXXXXXXXXXXYXXXXXXXXXXXXXXX,1M7,RNAPZ11_1M7_0001.rdat,,10.309,1,0.217,0.030,0.124,0.092,0.200,0.154,0.342,0.231,0.191,0.161,0.326,0.119,0.162,0.173,0.327,0.926,1.683,0.879,0.286,0.412,0.139,0.081,0.000,0.063,0.013,0.124,0.168,0.621,0.328,0.151,0.099,0.253,1.183,0.873,0.644,0.433,0.342,0.716,0.141,0.136,0.304,1.673,0.836,0.439,1.334,1.563,1.870,0.219,0.194,0.219,0.204,0.215,0.144,0.111,0.184,0.165,0.060,0.045,0.010,0.024,0.002,0.019,0.010,0.056,0.040,0.017,0.015,0.030,0.048,0.027,0.007,0.028,0.038,0.062,0.114,0.037,0.041,0.013,0.027,0.014,0.030,0.030,0.027,0.001,0.047,0.045,0.019,0.007,0.012,0.101,0.068,0.015,0.021,0.010,0.093,0.053,0.013,0.056,0.190,0.131,0.063,0.019,0.057,0.199,0.082,0.042,0.033,0.030,0.018,0.008,0.001,0.010,0.023,0.017
668c9f74509d,XXXXXXXXXXXXXXXXXXXXXXXXXXXXXXXXXXXXXXXXXXYXXXXXXXXXXXXXX,1M7,RNAPZ11_1M7_0001.rdat,,10.711,1,0.165,0.021,0.068,0.049,0.090,0.073,0.185,0.205,0.140,0.199,0.314,0.129,0.091,0.114,0.321,1.047,1.854,0.882,0.136,0.155,0.048,0.103,0.000,0.080,0.011,0.160,0.347,0.905,0.431,0.143,0.105,0.358,1.395,0.249,0.196,0.175,0.165,0.521,0.237,0.310,0.588,1.976,0.463,0.308,0.929,1.377,1.887,0.154,0.115,0.212,0.172,0.187,0.124,0.111,0.186,0.165,0.039,0.031,0.005,0.013,0.001,0.008,0.006,0.030,0.036,0.010,0.018,0.030,0.053,0.017,0.005,0.026,0.041,0.044,0.128,0.018,0.011,0.007,0.044,0.020,0.034,0.032,0.030,0.002,0.067,0.057,0.019,0.008,0.016,0.110,0.026,0.004,0.010,0.002,0.064,0.027,0.027,0.008,0.164,0.158,0.048,0.010,0.043,0.212,0.056,0.019,0.037,0.023,0.011,0.012,0.009,0.014,0.028,0.008
39f0e2321d40,XXXXXXXXXXXXXXXXXXXXXXXXXXXXXXXXXXXXXXXXXXXYXXXXXXXXXXXXX,1M7,RNAPZ11_1M7_0001.rdat,,5.736,1,0.229,0.054,0.065,0.028,0.040,0.015,0.041,0.039,0.031,0.030,0.154,0.036,0.039,0.150,1.437,1.762,1.846,1.001,0.169,0.091,0.032,0.022,0.069,0.010,0.086,0.070,0.169,0.596,0.523,0.242,0.108,0.193,0.909,0.459,0.074,0.023,0.044,0.675,0.947,0.660,0.591,0.773,0.863,0.259,0.257,0.715,2.018,0.255,0.188,0.241,0.163,0.162,0.113,0.081,0.097,0.104,0.017,0.037,0.016,0.011,0.002,0.002,0.003,0.008,0.007,0.002,0.001,0.019,0.013,0.001,0.023,0.134,0.388,0.333,0.058,0.004,0.027,0.001,0.011,0.022,0.010,0.034,0.037,0.034,0.166,0.069,0.037,0.010,0.036,0.269,0.152,0.008,0.005,0.011,0.150,0.123,0.040,0.160,0.213,0.248,0.045,0.003,0.024,0.278,0.043,0.035,0.047,0.022,0.014,0.010,0.006,0.010,0.020,0.006
0529f34c569e,XXXXXXXXXXXXXXXXXXXXXXXXXXXXXXXXXXXXXXXXXXXXYXXXXXXXXXXXX,1M7,RNAPZ11_1M7_0001.rdat,,11.152,1,0.186,0.030,0.061,0.030,0.041,0.022,0.065,0.037,0.024,0.077,0.596,0.049,0.032,0.078,0.376,1.082,1.910,0.964,0.123,0.115,0.030,0.078,0.005,0.089,0.030,0.115,0.225,0.873,0.452,0.173,0.084,0.295,1.347,0.201,0.087,0.053,0.076,0.483,0.163,0.300,0.946,1.577,0.243,0.204,0.636,1.348,0.719,0.118,0.122,0.276,0.174,0.171,0.127,0.089,0.138,0.135,0.044,0.039,0.006,0.011,0.001,0.004,0.002,0.011,0.006,0.002,0.005,0.049,0.029,0.005,0.001,0.023,0.057,0.082,0.112,0.010,0.015,0.003,0.035,0.018,0.034,0.033,0.026,0.008,0.067,0.061,0.023,0.006,0.011,0.117,0.029,0.002,0.001,0.004,0.050,0.019,0.025,0.011,0.140,0.059,0.032,0.063,0.050,0.076,0.028,0.013,0.047,0.023,0.013,0.010,0.004,0.008,0.022,0.013
05455620f69c,XXXXXXXXXXXXXXXXXXXXXXXXXXXXXXXXXXXXXXXXXXXXXYXXXXXXXXXXX,1M7,RNAPZ11_1M7_0001.rdat,,5.389,1,0.240,0.045,0.065,0.029,0.040,0.019,0.052,0.046,0.026,0.024,0.062,0.013,0.031,0.074,0.306,0.766,1.523,0.931,0.157,0.053,0.023,0.023,0.082,0.017,0.103,0.058,0.189,0.637,0.543,0.251,0.120,0.209,0.966,0.449,0.061,0.026,0.048,0.356,0.306,0.398,1.029,1.380,0.591,0.365,1.142,1.270,0.958,0.133,0.120,0.284,0.186,0.175,0.162,0.110,0.137,0.127,0.043,0.031,0.014,0.011,0.002,0.004,0.005,0.011,0.008,0.002,0.002,0.007,0.005,0.001,0.009,0.034,0.171,0.326,0.072,0.003,0.017,0.003,0.011,0.026,0.010,0.036,0.030,0.040,0.164,0.069,0.035,0.011,0.036,0.271,0.139,0.004,0.006,0.012,0.087,0.048,0.080,0.274,0.271,0.120,0.059,0.223,0.147,0.104,0.035,0.015,0.048,0.025,0.015,0.013,0.006,0.008,0.021,0.010
639c2bbfc75b,XXXXXXXXXXXXXXXXXXXXXXXXXXXXXXXXXXXXXXXXXXXXXXYXXXXXXXXXX,1M7,RNAPZ11_1M7_0001.rdat,,5.239,1,0.332,0.092,0.046,0.025,0.032,0.022,0.050,0.306,0.471,0.314,0.155,0.046,0.028,0.049,0.271,0.565,1.135,0.865,0.197,0.034,0.017,0.000,0.075,0.004,0.091,0.052,0.134,0.433,0.573,0.271,0.136,0.205,0.622,0.669,0.088,0.015,0.017,0.143,0.483,0.285,0.444,0.897,0.162,1.508,1.038,0.769,0.309,0.746,0.294,0.344,0.225,0.156,0.170,0.084,0.116,0.095,0.100,0.074,0.021,0.016,0.003,0.010,0.006,0.009,0.052,0.079,0.052,0.024,0.004,0.004,0.014,0.071,0.176,0.281,0.116,0.019,0.008,0.000,0.002,0.022,0.007,0.024,0.016,0.032,0.148,0.111,0.040,0.011,0.050,0.173,0.220,0.013,0.000,0.006,0.054,0.095,0.031,0.084,0.227,0.158,0.203,0.013,0.042,0.118,0.108,0.038,0.046,0.031,0.016,0.005,0.002,0.001,0.011,0.047
ed9f037e90d2,XXXXXXXXXXXXXXXXXXXXXXXXXXXXXXXXXXXXXXXXXXXXXXXYXXXXXXXXX,1M7,RNAPZ11_1M7_0001.rdat,,9.715,1,0.236,0.042,0.086,0.042,0.075,0.065,0.206,0.238,0.262,0.146,0.220,0.043,0.042,0.076,0.354,1.033,1.985,0.998,0.193,0.113,0.036,0.102,0.006,0.097,0.028,0.117,0.231,0.895,0.431,0.174,0.092,0.371,1.316,0.194,0.063,0.030,0.032,0.424,0.217,0.365,1.080,1.385,0.280,0.392,0.820,0.742,0.556,0.099,0.173,0.345,0.175,0.163,0.103,0.078,0.129,0.099,0.025,0.037,0.010,0.019,0.004,0.011,0.004,0.034,0.044,0.030,0.019,0.029,0.015,0.009,0.006,0.027,0.029,0.041,0.140,0.024,0.010,0.005,0.042,0.018,0.034,0.027,0.022,0.002,0.066,0.057,0.023,0.007,0.015,0.109,0.037,0.003,0.004,0.008,0.097,0.046,0.022,0.014,0.211,0.076,0.061,0.039,0.010,0.138,0.022,0.020,0.058,0.023,0.010,0.005,0.003,0.007,0.014,0.006
26947b034c23,XXXXXXXXXXXXXXXXXXXXXXXXXXXXXXXXXXXXXXXXXXXXXXXXYXXXXXXXX,1M7,RNAPZ11_1M7_0001.rdat,,5.554,1,0.400,0.061,0.056,0.056,0.126,0.239,0.368,1.966,0.617,0.435,0.532,0.070,0.038,0.089,0.300,0.771,1.479,0.947,0.177,0.054,0.023,0.022,0.055,0.010,0.088,0.053,0.172,0.634,0.480,0.229,0.099,0.152,0.951,0.459,0.085,0.038,0.056,0.647,0.642,0.537,0.690,1.169,0.681,0.332,0.359,0.709,1.490,0.326,0.430,0.545,0.131,0.254,0.219,0.107,0.151,0.130,0.040,0.052,0.012,0.010,0.010,0.014,0.055,0.127,0.344,0.041,0.028,0.068,0.011,0.001,0.016,0.032,0.175,0.311,0.071,0.004,0.013,0.003,0.011,0.019,0.011,0.034,0.031,0.038,0.166,0.064,0.032,0.008,0.020,0.271,0.139,0.004,0.011,0.014,0.135,0.072,0.051,0.113,0.131,0.105,0.075,0.107,0.212,0.342,0.096,0.055,0.072,0.028,0.022,0.013,0.001,0.011,0.020,0.014
9a23384a9e7d,XXXXXXXXXXXXXXXXXXXXXXXXXXXXXXXXXXXXXXXXXXXXXXXXXYXXXXXXX,1M7,RNAPZ11_1M7_0001.rdat,,7.534,1,0.190,0.033,0.080,0.034,0.112,0.058,0.198,0.053,0.051,0.114,0.402,0.040,0.036,0.101,0.640,1.137,2.260,0.900,0.129,0.150,0.023,0.096,0.000,0.090,0.015,0.120,0.211,0.845,0.436,0.160,0.093,0.329,1.308,0.167,0.064,0.041,0.057,0.515,0.177,0.358,0.648,1.456,0.385,0.394,0.946,1.287,0.519,0.136,0.067,0.044,0.158,0.132,0.150,0.093,0.211,0.151,0.023,0.034,0.007,0.018,0.002,0.016,0.003,0.033,0.016,0.003,0.012,0.056,0.020,0.006,0.001,0.085,0.032,0.084,0.163,0.020,0.005,0.006,0.035,0.014,0.031,0.020,0.021,0.008,0.073,0.055,0.022,0.007,0.015,0.109,0.043,0.005,0.001,0.004,0.055,0.020,0.092,0.159,0.200,0.061,0.059,0.060,0.367,0.151,0.029,0.007,0.025,0.024,0.009,0.013,0.007,0.031,0.024,0.005
abe588df0337,XXXXXXXXXXXXXXXXXXXXXXXXXXXXXXXXXXXXXXXXXXXXXXXXXXYXXXXXX,1M7,RNAPZ11_1M7_0001.rdat,,7.398,1,0.214,0.024,0.068,0.098,0.321,0.377,0.676,0.082,0.118,0.147,0.489,0.048,0.058,0.137,0.396,1.032,1.732,0.898,0.125,0.118,0.029,0.077,0.017,0.070,0.044,0.111,0.235,0.822,0.451,0.168,0.109,0.352,1.211,0.233,0.097,0.055,0.071,0.475,0.212,0.392,0.583,0.987,0.547,0.548,0.939,1.618,1.114,0.231,0.466,0.617,0.187,0.607,0.233,0.119,0.162,0.154,0.030,0.034,0.005,0.013,0.002,0.017,0.027,0.115,0.047,0.016,0.012,0.032,0.030,0.009,0.001,0.018,0.069,0.102,0.089,0.009,0.016,0.003,0.035,0.020,0.031,0.035,0.027,0.014,0.074,0.063,0.022,0.008,0.012,0.135,0.022,0.004,0.004,0.005,0.060,0.024,0.081,0.137,0.263,0.139,0.077,0.080,0.238,0.155,0.054,0.060,0.095,0.109,0.105,0.015,0.005,0.013,0.025,0.006
0773aced717b,XXXXXXXXXXXXXXXXXXXXXXXXXXXXXXXXXXXXXXXXXXXXXXXXXXXYXXXXX,1M7,RNAPZ11_1M7_0001.rdat,,8.075,1,0.194,0.030,0.069,0.081,0.170,0.060,0.127,0.035,0.038,0.082,0.418,0.040,0.031,0.085,0.377,1.080,1.961,0.887,0.129,0.129,0.030,0.094,0.000,0.087,0.012,0.124,0.223,0.881,0.394,0.152,0.094,0.432,1.207,0.178,0.095,0.051,0.064,0.450,0.171,0.538,0.913,1.422,0.268,0.249,0.983,1.430,0.974,0.198,0.122,0.330,0.135,0.234,0.135,0.119,0.134,0.128,0.028,0.032,0.007,0.017,0.006,0.031,0.002,0.021,0.008,0.006,0.007,0.072,0.021,0.006,0.007,0.039,0.038,0.082,0.165,0.019,0.007,0.005,0.037,0.016,0.032,0.024,0.022,0.006,0.073,0.051,0.020,0.007,0.020,0.099,0.035,0.006,0.004,0.002,0.051,0.021,0.032,0.042,0.184,0.058,0.034,0.114,0.302,0.221,0.063,0.019,0.080,0.021,0.027,0.008,0.008,0.011,0.022,0.006
b48f4319badb,XXXXXXXXXXXXXXXXXXXXXXXXXXXXXXXXXXXXXXXXXXXXXXXXXXXXYXXXX,1M7,RNAPZ11_1M7_0001.rdat,,10.034,1,0.435,0.057,0.146,0.619,0.296,0.159,0.254,0.092,0.084,0.150,0.519,0.064,0.028,0.074,0.335,1.040,1.842,0.991,0.164,0.110,0.031,0.100,0.000,0.092,0.014,0.117,0.222,0.891,0.482,0.166,0.108,0.437,1.350,0.233,0.114,0.058,0.081,0.493,0.209,0.476,0.981,1.577,0.378,0.330,1.121,1.932,1.551,0.288,0.292,0.715,0.486,0.655,0.791,0.201,0.205,0.160,0.033,0.058,0.014,0.030,0.014,0.021,0.007,0.041,0.020,0.009,0.013,0.059,0.025,0.007,0.003,0.032,0.030,0.036,0.154,0.023,0.008,0.006,0.040,0.015,0.032,0.021,0.020,0.006,0.072,0.061,0.023,0.008,0.020,0.106,0.040,0.008,0.004,0.003,0.054,0.024,0.032,0.039,0.205,0.065,0.044,0.080,0.191,0.170,0.080,0.038,0.095,0.080,0.086,0.072,0.003,0.010,0.027,0.007
f7e47fd60c34,XXXXXXXXXXXXXXXXXXXXXXXXXXXXXXXXXXXXXXXXXXXXXXXXXXXXXYXXX,1M7,RNAPZ11_1M7_0001.rdat,,5.477,1,1.158,0.243,0.435,0.310,0.381,0.266,0.365,0.332,0.222,0.203,0.348,0.065,0.037,0.075,0.354,0.732,1.494,0.999,0.247,0.064,0.035,0.008,0.131,0.000,0.115,0.047,0.178,0.554,0.544,0.279,0.159,0.278,0.880,0.619,0.143,0.069,0.062,0.402,0.494,0.417,0.575,1.132,0.982,0.477,0.300,0.618,0.679,1.440,0.617,0.156,0.835,0.668,0.591,1.909,0.404,0.312,0.045,0.172,0.066,0.084,0.050,0.057,0.062,0.087,0.063,0.013,0.030,0.073,0.008,0.004,0.018,0.065,0.206,0.375,0.119,0.008,0.018,0.007,0.004,0.039,0.003,0.035,0.032,0.046,0.168,0.077,0.043,0.012,0.073,0.243,0.164,0.003,0.014,0.021,0.111,0.062,0.059,0.137,0.279,0.160,0.069,0.077,0.044,0.349,0.243,0.066,0.023,0.123,0.026,0.035,0.117,0.018,0.044,0.017
8b582731616c,XXXXXXXXXXXXXXXXXXXXXXXXXXXXXXXXXXXXXXXXXXXXXXXXXXXXXXYXX,1M7,RNAPZ11_1M7_0001.rdat,,5.094,1,1.757,0.493,0.296,0.132,0.120,0.102,0.149,0.092,0.062,0.082,0.398,0.049,0.026,0.054,0.301,0.725,1.514,1.046,0.273,0.102,0.046,0.008,0.083,0.000,0.098,0.043,0.170,0.583,0.492,0.239,0.120,0.258,0.948,0.511,0.134,0.070,0.049,0.365,0.277,0.369,0.735,1.409,0.531,0.308,0.702,1.271,0.583,1.039,0.401,0.288,0.334,0.301,0.268,0.310,1.927,1.091,0.170,0.229,0.127,0.065,0.004,0.008,0.023,0.037,0.017,0.004,0.007,0.066,0.005,0.000,0.011,0.051,0.200,0.389,0.127,0.019,0.007,0.003,0.004,0.026,0.006,0.032,0.029,0.048,0.169,0.068,0.036,0.009,0.052,0.252,0.121,0.003,0.010,0.012,0.090,0.043,0.080,0.150,0.260,0.090,0.045,0.175,0.380,0.122,0.279,0.101,0.065,0.063,0.014,0.016,0.042,0.204,0.127,0.117
2de6e56bdd83,XXXXXXXXXXXXXXXXXXXXXXXXXXXXXXXXXXXXXXXXXXXXXXXXXXXXXXXYX,1M7,RNAPZ11_1M7_0001.rdat,,6.259,1,1.631,0.109,0.185,0.071,0.070,0.026,0.071,0.058,0.036,0.065,0.392,0.034,0.026,0.055,0.294,0.785,1.466,0.979,0.210,0.108,0.041,0.023,0.099,0.006,0.090,0.049,0.182,0.690,0.460,0.179,0.098,0.269,1.101,0.386,0.106,0.063,0.041,0.404,0.260,0.303,0.898,1.499,0.379,0.251,0.911,1.863,1.278,0.288,0.172,0.222,0.215,0.133,0.124,0.063,0.265,0.803,0.133,0.213,0.042,0.045,0.002,0.003,0.007,0.016,0.010,0.002,0.004,0.051,0.006,0.001,0.009,0.032,0.184,0.326,0.077,0.004,0.026,0.002,0.014,0.034,0.017,0.038,0.034,0.040,0.165,0.058,0.023,0.007,0.041,0.249,0.082,0.010,0.008,0.009,0.078,0.036,0.060,0.149,0.189,0.061,0.054,0.090,0.140,0.210,0.045,0.018,0.049,0.031,0.008,0.004,0.011,0.073,0.093,0.080
8908e2b7f03b,XXXXXXXXXXXXXXXXXXXXXXXXXXXXXXXXXXXXXXXXXXXXXXXXXXXXXXXXY,1M7,RNAPZ11_1M7_0001.rdat,,5.336,1,0.190,0.042,0.066,0.021,0.035,0.015,0.046,0.048,0.033,0.047,0.393,0.053,0.018,0.040,0.272,0.737,1.438,1.000,0.211,0.072,0.021,0.018,0.075,0.004,0.094,0.048,0.176,0.622,0.516,0.246,0.118,0.240,0.974,0.436,0.093,0.035,0.037,0.345,0.222,0.370,0.776,1.334,0.349,0.314,0.732,1.619,1.084,0.387,0.177,0.165,0.252,0.193,0.099,0.058,0.056,0.064,0.050,0.024,0.011,0.011,0.002,0.004,0.004,0.011,0.008,0.003,0.002,0.063,0.003,0.001,0.008,0.040,0.182,0.330,0.087,0.004,0.023,0.002,0.010,0.025,0.011,0.034,0.029,0.039,0.160,0.066,0.034,0.009,0.039,0.249,0.112,0.004,0.005,0.009,0.080,0.038,0.072,0.145,0.199,0.062,0.050,0.110,0.256,0.233,0.110,0.019,0.046,0.045,0.016,0.012,0.020,0.018,0.010,0.013
